Order,En,Ch,Description
0,AFRICAN CROWNED CRANE,非洲戴冕鹤,非洲戴冕鹤分为东非冕鹤（Balearica regulorum East African Crowned Crane）和西非冕鹤（Balearica pavonina West African Crowned Crane ），二者的不同之处是东非冕鹤羽色较浅，又叫“灰冕鹤”；西非冕鹤遍体黑羽，因而又叫“黑冕鹤”，但是两种鸟都长有美丽的金色羽冠
1,AFRICAN FIREFINCH,灰顶火雀,灰顶火雀（拉丁名：Lagonosticta rubricata；英文名：African Firefinch）是今颚总目雀形目梅花雀科下的一种动物。分布于非洲中南部地区。
2,ALBATROSS,信天翁,鸟纲，信天翁科各种类的通称。体长约70—140厘米，为大型海鸟。嘴前端钩曲。鼻孔呈管状，左右分开。翅较长，尾较短。腿短，位于身体后部。后趾缺少或退化，前三趾具全蹼。集群营巢于海岛上。主食鱼类及头足类。全世界有14种，南北半球均有分布。其中短尾信天翁[D.albatrus]体长约95厘米，嘴肉红色，先端白色。体羽主要为白色，颈部淡黄色。初级飞羽和尾端褐色。繁殖于中国南部海域，冬季见于中国山东、台湾等沿海。为稀有种类。
3,ALEXANDRINE PARAKEET,亚历山大鹦鹉,亚历山大鹦鹉（学名：Psittacula eupatria）是亚洲最大的长尾鹦鹉，共有5种亚种，身长依照不同亚种为56～62厘米，体重198 ～ 258克。 [1]  分布地区十分广阔，横跨数个国家，野生鸟栖息于海拔900米以下各种干燥与潮湿的地方，包括森林、农作物区、红树林、椰子园等地。外表有点类似环颈鹦鹉，但是体型明显大的多，且翅膀上有明显红斑，有不错的学话能力，天性温和，人工饲养可训练学会一些技巧，出现许多颜色的变种。分布于阿富汗、巴基斯坦、印度、尼泊尔、不丹、斯里兰卡、缅甸、泰国、柬捕寨、越南等国。
4,AMERICAN AVOCET,美洲反嘴鹬,体长40-51厘米，翼展68-76厘米，重275-420克，喙长而薄尖端向上翘起，腿薄细长呈灰色，背部羽色黑白色，腹部白色，头和颈在繁殖期呈淡红褐色，冬季呈白色，为候鸟，繁殖于北美西部，越冬自加利福尼亚和德克萨斯至危地马拉，利用长喙在浅水和淤泥中搜寻甲壳动物和昆虫，是受保护鸟种。
5,AMERICAN BITTERN,美洲麻鳽,美洲麻鳽（学名：Botaurus lentiginosus，英文名：American Bittern）是鹭科麻鳽属的鸟类。美洲麻鳽是麻鳽属中体型较小的涉禽。美洲麻鳽的食物包括昆虫，两栖类，小龙虾，鱼和小型哺乳动物。
6,AMERICAN COOT,美洲骨顶,美洲骨顶（学名：Fulica americana）：是鸟纲、鹤形目、秧鸡科的一种中型游禽。体长约38厘米，在冬季体重达近0.9千克，翼展为58-71厘米。嘴长度适中，高而侧扁。头具额甲，白色，端部钝圆。跗跖短，短于中趾不连爪。喜潜水取食沉水植物，趾均具宽而分离的瓣蹼。体羽全黑，尾下覆羽有白色。两性相似。
7,AMERICAN GOLDFINCH,美洲金翅雀,美洲金翅雀，又名北美金翅或美国金翅雀，是北美洲的一种雀。它们是候鸟，于繁殖季节分布在加拿大至北卡罗莱那州，冬天则分布在加拿大以南至墨西哥。主要吃种子，但有时也会吃昆虫。
8,AMERICAN KESTREL,美洲隼,美洲隼（Falco sparverius），北美洲体型最小、最常见的隼属猛禽。于南美洲亦有分布。背部呈赤褐色及条纹。体型和羽毛两性异形，雌性体型大于同龄雄性，幼鸟毛色与成鸟相近。
9,AMERICAN PIPIT,黄腹鹨,黄腹鹨（学名：Anthus rubescens）：是雀形目鹡鸰科的鸟类，属小型鸣禽，体长约15厘米。似树鹨但上体褐色浓重，上喙较细长，先端具缺刻；翅尖长，内侧飞羽（三级飞羽）极长，几与翅尖平齐；尾细长，外侧尾羽具白，野外停栖时，常做有规律的上、下摆动，腿细长，后趾具长爪，适于在地面行走。主要栖息于山地、林缘、灌木丛、草原、河谷地带。冬季喜沿溪流的湿润多草地区及稻田活动。
10,AMERICAN REDSTART,橙尾鸲莺,橙尾鸲莺分布于北美地区(包括美国、加拿大、格陵兰、百慕大群岛、圣皮埃尔和密克隆群岛及墨西哥境内北美与中美洲之间的过渡地带)，中美洲（地处北美与南美之间，包括危地马拉、伯里兹、洪都拉斯、萨尔瓦多、尼加拉瓜、哥斯达黎加、巴拿马、巴哈马、古巴、海地、牙买加、多米尼加、安提瓜和巴布达、圣文森特和格林纳丁斯、圣卢西亚、巴巴多斯、格林纳达、特立尼达与多巴哥等国家和地区），南美洲（包括哥伦比亚、委内瑞拉、圭亚那、苏里南、厄瓜多尔、秘鲁、玻利维亚、巴拉圭、巴西、智利、阿根廷、乌拉圭以及马尔维纳斯群岛（也称福克兰群岛）。
11,ANHINGA,蛇鹈属,蛇鹈属（学名：Anhinga）共有鸟类4种、6亚种。头小而窄，颈细长如蛇，嘴尖无喉囊，善于潜水，用嘴当鱼叉叉鱼。头及颈褐色，颏有白色线延伸至颈侧。体羽余部偏黑，肩胛处白色丝状羽具黑色羽缘。栖于热带至温暖地区成小群生活于湖泊和河流边。游泳时，除头部和颈露在水面外，几乎全身潜入水中，像蛇一样左右摆动身体。用带锯齿的喙刺鱼，并衔之上岸。分布于美洲，非洲，亚洲南部和大洋洲的热带内陆水域。
12,ANNAS HUMMINGBIRD,朱红蜂鸟,朱红蜂鸟（学名：Calypte anna）：是鸟纲、蜂鸟科的小型鸟类。体长11厘米，翼展11-12厘米，体重3-5克。两性异型。雄性和雌性均具有一个古铜色的绿色背区，该区的外观有光泽，而腹部则变灰暗。有中等长度的鸟喙和宽尾巴。雄鸟头部到喉咙区域色泽鲜艳，头部羽毛上的结构色会随光线角度而变化各种颜色。而雌鸟头部绿色，但在喉咙区域的中心可能会有一块金属红色或紫色羽毛。尾巴上部有白色，中心是金属绿色，外部尾羽变暗为黑色。
13,ANTBIRD,黑头蚁鸟,分布于南美洲，包括哥伦比亚、委内瑞拉、圭亚那、苏里南、厄瓜多尔、秘鲁、玻利维亚、巴拉圭、巴西、智利、阿根廷、乌拉圭以及马尔维纳斯群岛（也称福克兰群岛）
14,ARARIPE MANAKIN,阿拉里皮侏儒鸟,"一种濒危鸟类,1996年被科学家发现,并在1998年命名.有关资料很少."
15,ASIAN CRESTED IBIS,朱鹮,朱鹮（学名：Nipponia nippon）古称朱鹭、红朱鹭，朱鹮系东亚特有种。中等体型，体羽白色，后枕部有长的柳叶形羽冠，额至面颊部皮肤裸露，呈鲜红色；繁殖期时用喙不断啄取从颈部肌肉中分泌的灰色素，涂抹到头部、颈部、上背和两翅羽毛上，使其变成灰黑色。
16,BALD EAGLE,白头海雕,白头海雕（学名：Haliaeetus leucocephalus）又名美洲雕。是大型猛禽，成年海雕体长可达1米，翼展2米多长。眼、嘴和脚为淡黄色，头、颈和尾部的羽毛为白色，身体其他部位的羽毛为暗褐色，十分雄壮美丽。主要栖息在海岸、湖沼和河流附近，以大马哈鱼、鳟鱼等大型鱼类和野鸭、海鸥等水鸟以及生活在水边的小型哺乳动物等为食，飞行能力很强。上喙边端具弧形垂突，适于撕裂猎物吞食；基部具蜡膜或须状羽；翅强健，翅宽圆而钝，扇翅及翱翔飞行，扇翅节奏较隼科慢；跗跖部大多相对较长，约等于胫部长度。是北美洲所特有物种。1782年6月20日，美国国会通过决议立法，选定白头海雕为美国国鸟。
17,BALI STARLING,长冠八哥,长冠八哥（学名：Leucopsar rothschildi）：是一种大型椋鸟，体长约25厘米，雌雄相似，外形俊朗，羽冠发达，眼睛四周和面部裸出，裸露部分为蓝色，全身羽毛纯白色，尾部和翼端的边缘呈黑色，脚灰色。全身白色，具较长冠羽，羽冠不像一些羽冠发达的鸟类复杂多变，却十分有特点，有丝带状的羽冠简洁随意飘洒。1910年由英国鸟类学家沃尔特·罗斯柴尔德（Walter Rothschild）命名。
18,BALTIMORE ORIOLE,巴尔的摩金莺,马里兰州的州鸟
19,BANANAQUIT,蕉森莺,学名Coereba flaveola。自西印度群岛（古巴除外）和墨西哥南部到阿根廷都有分布。通常与旋蜜雀(honeycreeper)一起放在鵐科(Emberizidae)内，但亦可归入林莺科(Parulidae)。体长约11公分(4.5吋)，上面淡黑色，下面黄色，一般有一条白眉纹，翅上有白色块斑。嘴尖而弯，取食花蜜，有时吃昆虫和果实。用香蕉叶纤维筑圆顶巢。
20,BANDED BROADBILL,斑阔嘴鸟,分布于中南半岛和中国的东南沿海地区，包括缅甸、越南、老挝、柬埔寨、泰国以及中国的东南沿海地区、香港、海南岛。太平洋诸岛屿，包括中国的台湾省、东沙群岛、西沙群岛、中沙群岛、南沙群岛以及菲律宾、文莱、马来西亚、新加坡、印度尼西亚的苏门答腊、爪哇岛以及巴布亚新几内亚。
21,BAR-TAILED GODWIT,斑尾塍鹬,斑尾塍鹬（学名：Limosa lapponica）：体重245-320克，体长326-386毫米，体型中等。繁殖期羽多有棕栗色。嘴较尾长，直或略微向上翘。跗蹠长度居中，后缘具盾状鳞。中趾与外趾之间具退化的蹼，中趾外侧有栉状缘。冬季头顶灰白色，具黑褐色纵纹，肩、上背黑褐色，羽缘浅棕，下背、腰、尾上覆羽白色沾棕，具灰褐色羽干纹，尾羽棕，具灰褐色横斑；眉纹棕白，颏、喉白色，前胸浅褐色，其余下体淡棕。嘴长而上翘，红色，尖端黑色；脚黑褐。
22,BARN OWL,仓鸮,仓鸮（学名：Tyto alba）：是鸟纲、草鸮科的中型鸟类，共有32个亚种。体长33-39厘米，翼展85-93厘米，体重470-570克。头大而圆，面盘明显，呈心脏形，白色，四周皱领橙黄色，上体为斑驳的灰色及橙黄色，并具精细的黑色和白色斑点。下体白色，稍沾淡黄色，具暗褐色斑点。
23,BARN SWALLOW,家燕,家燕（学名：Hirundo rustica）：为燕科燕属的鸟类。喙短而宽扁，基部宽大，呈倒三角形，上喙近先端有一缺刻；口裂极深，嘴须不发达。翅狭长而尖，尾呈叉状，形成“燕尾”，脚短而细弱，趾三前一后。主要特点是上体发蓝黑色，还闪着金属光泽，腹面白色。体态轻捷伶俐，两翅狭长，飞行时好像镰刀，尾分叉像剪子。飞行迅速如箭，忽上忽下，时东时西，能够急速变换方向。
24,BARRED PUFFBIRD,斑棕喷?,"生活在巴西,资料不详."
25,BAY-BREASTED WARBLER,栗胸林莺,栗胸林莺属于动物界，主要分布于北美地区(包括美国、加拿大、格陵兰、百慕大群岛、圣皮埃尔和密克隆群岛及墨西哥境内北美与中美洲之间的过渡地带) 。
26,BEARDED BARBET,须巨嘴鸟,一种非洲热带巨嘴鸟。名字源于硬朗的鬃毛。
27,BELTED KINGFISHER,白腹鱼狗,白腹鱼狗（学名：Ceryle alcyon）是佛法僧目翠鸟科的鸟类。前额和头顶部是深蓝色羽毛，底部和分尾完全是白色的，或多或少有浅黄色或黄色。生活在不同类型的水生境。湖泊、山涧、海岸、红树林、海湾、沼泽、河流、水库和平静的海面。
28,BIRD OF PARADISE,极乐鸟,极乐鸟（bird-of-paradise）是雀形目极乐鸟科[1]（Paradisaeidae）的鸟类，又名天堂鸟、风鸟。它们分布在印度尼西亚东部，托列斯海峡群岛，巴布亚新几内亚及澳大利亚东部。其雄鸟的羽毛最为著名，尤其是从喙，翅膀及头部延伸出的修长且精巧的羽毛。
29,BLACK FRANCOLIN,黑弗朗哥林,黑弗朗哥林（Francolinus Francolinus）是鸡形目雉科的一种配种鸟。它的前身是黑鹧鸪。
30,BLACK SKIMMER,黑剪嘴鸥,黑剪嘴鸥（学名：Rynchops niger）：是鸟纲、鸥科的物种。雄鸟体型往往比雌鸟大。雄鸟约365克，雌鸟平均265克，个体长约46厘米，翼展112厘米。是一种下喙比上喙长、瞳孔和猫的瞳孔相似的鸥亚科剪嘴鸥族鸟类。下体和前额白色。尾巴很短，上面布有白点。有一张亮红色或橙色、尖端为黑色的鸟喙。
31,BLACK SWAN, 黑天鹅,黑色的天鹅
32,BLACK THROATED WARBLER,黑喉莺,黑喉蓝莺（Setophaga caerulescens）是新世界莺科的小型雀形目鸟。其繁殖范围位于北美东部的落叶和混交针叶林内部。在较冷的月份，它迁移到加勒比海和中美洲的岛屿。
33,BLACK VULTURE,黑美洲鹫,黑美洲鹫（学名：Coragyps atratus），亦称为黑头美洲鹫[3]，是美洲鹫科黑美洲鹫属中的唯一一种，从美国东南部到南美洲都有分布。虽然黑美洲鹫分布广泛，但仍然不及同科的红头美洲鹫（由加拿大至火地群岛均有分布）。
34,BLACK-CAPPED CHICKADEE,黑冠山雀,黑冠山雀（Poecile atricapillus）是一种小型的，非迁徙的北美鸣禽，生活在落叶和混合森林中。它是山雀科的一种雀形目鸟。它是美国马萨诸塞州和缅因州的州鸟，加拿大是新不伦瑞克省的省鸟。它以在寒冷的冬季夜晚降低体温的能力，良好的空间记忆能力来重新定位存储食物的缓存器以及在人附近（有时是用手喂养）的大胆而闻名。
35,BLACK-NECKED GREBE,黑颈鸊鷉,黑颈鸊鷉（pìtī）（学名：Podiceps nigricollis）为鸊鷉目鸊鷉科下的一种中型水鸟，?[1]??分布于美洲地区和欧亚大陆及非洲北部。个体较角鸊鷉稍小，体长25-34厘米，体重不到0.5千克。嘴黑色，细而尖，微向上翘，眼红色。夏羽头、颈和上体黑色，两胁红褐色，下体白色，眼后有呈扇形散开的金黄色饰羽。
36,BLACK-THROATED SPARROW,黑喉麻雀,黑喉麻雀头顶是浅灰色的，有独特的黑白头纹。未成熟的鸟类似，但缺乏黑喉。它的声音很高，像铃铛，鸟鸣很简单机械。它主要以昆虫和种子为食，并成群迁移，较大的群体可能聚集在沙漠中的水源附近。它居住在松散的、有植物纤维的草树枝窝，小心地隐藏在离地面6-18英寸（15-46厘米）的枝叶中。每次繁殖会产下三个或四个白色或淡蓝色的蛋。
37,BLACKBURNIAM WARBLER,黑褐林莺,黑褐林莺是一种小型新世界林莺。它们在北美东部繁殖，从加拿大南部，向西到加拿大南部草原，五大湖地区和新英格兰，到北卡罗来纳州。黑鹂莺是候鸟，在中美洲南部和南美洲过冬，是西欧非常罕见的流浪动物。
38,BLUE GROUSE,蓝镰翅鸡,蓝松鸡属的两个品种在松鸡当中都属于大个头，栖息于北太平洋两岸的北美洲及欧亚大陆高原地区。Sooty Grouse可于太平洋海岸山脉及美国内华达山脉发现，而Dusky Grouse则栖息于洛矶山脉。
39,BLUE HERON,大蓝鹭,大蓝鹭（学名：Ardea herodias）是鹈形目鹭科鹭属的一种涉禽，是北美洲中美洲、西印度群岛和加拉帕戈斯群岛?（沙漠与高山地区除外）一种常见的鸟类，是当地最大的种类。它与欧洲的苍鹭相似。
40,BOBOLINK,食米鸟,食米鸟(长鼻鸟)是新世界的一种小型黑鸟，是长鼻鸟属的唯一成员。这一物种的一个古老名字是“稻鸟”，因为它倾向于以种植的谷物为食。成年雄鸟体长16-18厘米(6.3-7.1英寸)，喙短，体重约1盎司(28克)。成年雄鸟大多为黑色，颈部呈奶油色，肩胛骨、下背部和臀部呈白色。成年雌鱼多为浅棕色，背部和腹部有黑色条纹，头部有黑色条纹;它们的翅膀和尾巴是深色的。食米鸟夏天在北美和加拿大南部繁殖，通常在南美过冬。被一些农民认为是一种害虫，这些鸟的数量正在减少，在整个加拿大都是一个濒临灭绝的物种。
41,BROWN NOODY,褐尾海雀,褐尾海雀或普通海雀是海鸟科的一种。它是最大的noddy，可以从它的更大的尺寸和羽毛，是深棕色而不是黑色，从密切相关的黑色noddy区分。褐诺迪是一种热带海鸟，分布在世界各地，从夏威夷到帕阿莫图群岛和太平洋的澳大利亚，从红海到塞舌尔，澳大利亚在印度洋和加勒比到大西洋的特里斯坦-达库尼亚。褐诺弟属于殖民地，通常在悬崖或矮乔木或灌木的高处筑巢。它只是偶尔在地上筑巢。每一对雌鱼在每个繁殖季节产下一枚蛋。
42,BROWN THRASHER,褐鸫,褐鸫是一种鸟科鸟类，该科还包括新世界猫鸟和嘲鸟。褐鸫在美国东部和中部以及加拿大南部和中部大量存在，它是唯一主要生活在落基山脉东部和德克萨斯州中部的鸫。它是乔治亚州的州鸟。
43,CACTUS WREN,棕曲嘴鹪鹩,棕曲嘴鹪鹩（英语：Cactus wren，学名：Campylorhynchus brunneicapillus）是曲嘴鹪鹩属下的一种鸟类，原产于美国西南部到墨西哥中部的地区内，是亚利桑那州的州鸟。它是一种大型的鹪鹩，体长在18～23厘米（7.1～9.1英寸）间，没有明显的两性异形特征。
44,CALIFORNIA CONDOR,加州神鹫,加州神鹫（学名：Gymnogyps californianus）属于美洲鹫科新大陆秃鹫家族，为北美洲大陆最大的鸟类。如今这种鹫只生活在科罗拉多大峡谷区域以及加利福尼亚州和下加利福尼亚州北部西海岸的群山中。它是加州兀鹫属中唯一存活的物种。加州神鹫是一种大型黑色的秃鹫，翅膀下面有白色的小块，头部秃毛，根据其情绪的不同，显露的皮肤颜色为微黄色到鲜红色。在所有北美洲的鸟类中其翼幅最宽，同时也是最重的鸟类之一。加州神鹫是食腐动物，吃大量的腐肉。它是世界上寿命最长的鸟类之一，其寿命可达50年。
45,CALIFORNIA GULL,加利福尼亚鸥,成年鸥在外观上与银鸥相似，但有一个较小的黄色喙和黑色环，黄色的腿，棕色的眼睛和一个更圆的头部。身体主要是白色的，背部和上翼是灰色的。它们的三原色是黑色的，羽毛尖是白色的。未成熟的鸟类在外观上也类似于未成熟的鲱鱼鸥，羽毛较未成熟的环嘴鸥棕色。翼长46 - 55厘米(18 - 22英寸)，翼展122-137厘米(48-54英寸)，体重430 - 1045克(0.948 - 2.304磅)。
46,CALIFORNIA QUAIL,珠颈翎鹑,珠颈翎鹑（学名：Callipepla californica)，或称加利福尼亚鹑（英语：California quail)，是翎鹑属下的一种鸟类。与同属的、在一百至两百万年前分开进化的黑腹翎鹑较为相似，它们的头部都有六只黑色羽毛组成的、向前倾斜的冠，雄性头顶的羽毛为深褐色，头部其他地方有白色条纹和大面积的黑色羽毛，背部褐色、胸部灰色，雌性则和幼鸟一样通体褐色。
47,CANARY,家养金丝雀,家养金丝雀，通常简单地称为金丝雀(Serinus canaria forma domestica[5])，是野生金丝雀的一种家养形式，是雀科中的一种小型鸣禽，起源于马卡罗尼西亚群岛(亚速尔群岛、马德拉群岛和加那利群岛)。
48,CAPE MAY WARBLER,栗颊林莺,它在北美北部繁殖。除了加拿大南部最西部、五大湖地区和新英格兰地区外，它的繁殖地遍及所有地区。它是迁徙动物，在西印度群岛过冬。这个物种是西欧非常罕见的流浪动物，截至2013年10月，在英国有两项记录。它的英文名称指的是新泽西州的开普梅(Cape May)，乔治·奥德(George Ord)就是在那里收集了这个后来被亚历山大·威尔逊(Alexander Wilson)描述的标本。这个物种在之后的100年里都没有在开普梅再次被记录，尽管它现在在那里被认为是一种罕见的迁徙动物。
49,CAPUCHINBIRD,斗蓬雀,是一种大而厚的亚目雀形目动物，喙相对较重。成年鸟体重340 - 420克(12 - 15盎司)，通常大约40厘米(16英寸)长，这使它成为除了亚马逊和长翅伞鸟之外最大的亚目雀形目鸟——事实上，雌性伞形鸟平均比任何雌性伞形鸟都要大。它的全身羽毛是丰富的棕色，腹部和尾下覆羽接近橙色，尾缘和短尾是黑色的。最显著的特征是它赤裸的，几乎像秃鹫的头部覆盖着暗淡的蓝色皮肤。除了头部有一些绒毛外，幼龙与成年龙相似。
50,CARMINE BEE-EATER,洋红蜂虎,与其他食蜂鸟一样，该物种色泽丰富，主要是胭脂红，但树冠和尾巴是蓝色的。
51,CASPIAN TERN,红嘴巨鸥,红嘴巨鸥（学名：Hydroprogne caspia）又名里海燕鸥，为鸥科巨鸥属的鸟类。该物种的模式产地在里海。
52,CASSOWARY,鹤鸵,鹤鸵（学名Casuarius），又称食火鸡，是居住于新几内亚及东北澳洲大型不能飞的鸟类，统合在鹤鸵属。在一些附近的岛屿上亦有少量的鹤鸵。它们以果实为食物，尤其是落下的果实或生在低树枝的果实。它们也会吃真菌、蜗牛、昆虫、青蛙、蛇及其他细小的动物。亦有报告指它们攻击人类，不过这多是因人类入侵它们的领域或是令它们感觉被威胁。
53,CHARA DE COLLAR,黑领蓝头鹊,"黑领蓝头鹊（学名：Cyanolyca armillata），是鸦科蓝头鹊属的一种，分布于厄瓜多尔、委内瑞拉和哥伦比亚。全球活动范围约为96,600平方千米。该物种的保护状况被评为无危。"
54,CHIPPING SPARROW,褐斑翅雀鹀,成年鸟是灰色的下方和橙色铁锈色的上方。交替(繁殖)羽毛的成鸟有红色的帽子，近白色的眉毛，和黑色的经眼线(贯穿眼睛)。基本(非繁殖)羽毛的成虫不太明显，有褐色的帽子，深色的眉毛，和深色的眼线。年幼的切枝麻雀在下面有明显的条纹。像非繁殖的成虫一样，它们在眼睛前后都有一条深色的眼线。褐色的帽檐和暗色的眉毛变化无常，但在幼年时通常不明显。
55,CHUKAR PARTRIDGE,石鸡,石鸡（学名：Alectoris chukar）为雉科石鸡属的鸟类，俗名朵拉鸡、红腿鸡、嘎嘎鸡、鹧鸪。分布于欧洲、西伯利亚、阿富汗、伊拉克、伊朗、克什米尔以及中国大陆的新疆、青海、甘肃、经华北到东北的西南部等地，多生活于低山干燥山谷以及丘陵的岩坡和砂坡。该物种的模式产地在希腊。
56,CINNAMON TEAL,桂红鸭,桂红鸭身长约41公分，雄鸭头部与身体均呈桂红色，背部为棕色，眼睛红色，喙则是黑色。雌鸭身体为深棕色，羽毛排列出斑纹状的外观，头为浅棕色，眼为棕色，喙则是灰色，雌鸭整体外形与同属的蓝翅鸭雌鸭相当类似，差异是桂红鸭雌鸭的整体颜色较鲜明，喙较长且形状较扁、近似铲状，且眼线较不明显。幼雄鸭的外形与雌鸭接近，但眼睛为红色。这种鸭每年会换羽两次（其中第一年会换羽三次）。
57,COCK OF THE  ROCK,动冠伞鸟,动冠伞鸟是分布在南美洲的动冠伞鸟属（Rupicola）下的鸟类。动冠伞鸟栖息在热带及亚热带近岩石区的雨林，它们会在岩石区筑巢。它们有复杂的示爱行为及吸引的求偶行径。雄鸟壮丽的不只其鲜艳的橙色或红色，而其明显的扇状冠。较沉色的雌鸟主要呈褐色。它们很是小心，喜欢吃果实及草莓。
58,COCKATOO,凤头鹦鹉,凤头鹦鹉和其他的鹦鹉有相同的特点，它们都有钩曲的喙和对趾足（参阅:?鹦形目）。但它们的不同主要在于几个解剖学的特征，包括能够收展的头冠，以及羽毛中缺少令其他鹦鹉羽毛呈现出虹彩的结构。凤头鹦鹉平均要比其他的鹦鹉体型大，但鸡尾鹦鹉却是一种很小的凤头鹦鹉。最大的鹦鹉也并非它们，体长最长的是紫蓝金刚鹦鹉，体重最重的是鸮鹦鹉。凤头鹦鹉是最容易患上鹦鹉喙羽症的鹦鹉之一。
59,COMMON FIRECREST,普通戴菊,普通戴菊（Regulus ignicapilla）是鹟科戴菊属的一种，分布于欧洲和北非的温带地区。体长约9厘米，翼展13-16厘米，体重4–7克。背部为青铜色，肩部为明亮的橄榄绿色。头部拥有一条黑色的眼条纹，长长的白色眼眉。冠部颜色明亮，雌性为黄色，雄性为橙色。
60,COMMON GRACKLE,拟八哥,成年体长28～34?cm（11～13英寸），翼展36～46?cm（14～18英寸），体重74～142?g（2.6～5.0?oz）[2]。其两性外形差异没有同属其他生物那么大。
61,COMMON HOUSE MARTIN,白腹毛脚燕,白腹毛脚燕（学名：Delichon urbicum）又名毛脚燕，为燕科毛脚燕属的鸟类，俗名白腰燕、石燕。分布于从拉普兰、阿尔汗格尔斯克、伯朝拉流域、叶尼塞、南到法国、瑞士、匈牙利、保加利亚、俄国、伊朗、阿拉伯、印度尼西亚、印度、朝鲜、日本以及中国大陆的新疆、东北、河北、山东、江苏、广东、福建、甘肃、青海、四川、西藏、云南、贵州、陕西、山西、湖北等地，常见于高山峡谷。该物种的模式产地在瑞典。
62,COMMON LOON,普通潜鸟,普通潜鸟（学名：Gavia immer），也叫北方大潜鸟，是广泛分布在北美洲的一种潜鸟，被铸造在加拿大一元硬币上，以及20加元纸币（1986 Birds of Canada Series）的背面。普通潜鸟是加拿大安大略省的省鸟，也是美国明尼苏达州的州鸟。
63,COMMON POORWILL,弱夜鹰,长约20公分(8吋)；羽衣灰色而有斑驳；尾短，犄角处白色；上胸有一片围涎状色浅处，雄鸟白色，雌鸟淡黄色。弱夜鹰往往在夜间出来捕食飞虫。
64,COMMON STARLING,紫翅椋鸟,紫翅椋鸟（学名：Sturnus vulgaris，又名欧洲八哥、欧洲椋鸟）为椋鸟科椋鸟属的鸟类，俗名黑斑、亚洲椋鸟。分布于欧洲、伊朗、伊拉克、尼泊尔、印度、北美以及中国大陆的新疆、青海、甘肃、宁夏、西藏、河北、山东、福建、广东等地，主要生活于绿洲树丛间，营巢于树洞中。该物种的模式产地在瑞典。
65,COUCHS KINGBIRD,沙发金鸟,它长约7英寸。它的头和钞票很大。它有一条深色的叉状尾巴。头部呈浅灰色，双颊则较暗。上层为淡灰色橄榄色。它的喉咙发白，乳房较黑。下乳房是鲜黄色。幼虫的下部比成虫的褐色，翅膀的边缘较浅。
66,CRESTED AUKLET,冠小海雀,冠小海雀（Aethia cristatella）是海雀科的一种海鸟，身高约9英寸，羽毛为黑褐色或黑色，在繁殖季节，眼后会出现白色羽毛，头顶有一卷弯向前方的羽毛。喙为亮橙色，尾短，脚为黑色，有蹼。分部于阿拉斯加海岸地区，在开阔的海域过冬。以浮游生物为食[2]。
67,CRESTED CARACARA,凤头卡拉鹰,凤头卡拉鹰（学名：Caracara ）亦称凤头巨隼，共有三种。是一些有黑色头冠的老鹰，喙较短，先端两侧有齿突，基部不被蜡膜或须状羽；鼻孔圆形，自鼻孔向内可见一柱状骨棍；翅长而狭尖，扇翅节奏快；尾较细长。飞行快速，善于在飞行中追捕猎物。和一般老鹰的不同点在于以腐食维生，在地上筑巢。产于北美和拉丁美洲。其中的产于墨西哥特雷斯马里亚斯岛（Tres Marías Island）的凤头卡拉鹰是墨西哥的国鸟。
68,CRESTED NUTHATCH,冠毛五子雀,体型小巧，腿短，翅膀扁平，尾巴呈方形，有12根羽毛。它们长着又长又结实的尖喙，强壮的脚趾和长长的爪子。Nuthatches的背部是蓝灰色的(一些亚洲物种的喙是紫蓝色的，也有红色或黄色的)，腹部是白色的，有浅黄色、橙色、红褐色或淡紫色。虽然头部的斑纹在不同的物种之间有所不同，但长黑色的眼纹，对比鲜明的白色眉毛，深色的前额和黑色的帽子是常见的。两性看起来很相似，但下半部的颜色可能有所不同，特别是后侧翼和尾巴下面。幼鸟和一岁大的鸟几乎与成年鸟没有什么区别。
69,CROW,乌鸦,又叫老鸹，嘴大喜欢鸣叫。为雀形目中体形最大的鸟类，体长50厘米左右。全身或大部分羽毛为乌黑色，故名。羽毛大多黑色或黑白两色，长喙，有的具鲜明的白色颈圈，黑羽具紫蓝色金属光泽；翅远长于尾；嘴、腿及脚纯黑色。鼻孔距前额约为嘴长的1/3，鼻须硬直，达到嘴的中部。
70,CROWNED PIGEON,冠鸠,冠鸠（学名：Ocyphaps lophotes）：鸠鸽科凤头鸠属的一个物种。是一种在澳洲大陆出现的鸟。体长30至34厘米。羽毛总体来说是带有棕色的灰色，眼睛周围有一圈鲜艳的、橙色的环，翅膀上是青铜色，带有黑色的条纹。冠鸠的少数羽毛带有鲜艳的棕色、紫色、蓝色和绿色。
71,CUBAN TODY,杂色短尾鴗,体长11厘米。 喙细直，红色。 头、后颈至背上和尾羽为绿色，胸、腹部白色，体侧为淡粉红色，喉部有明显的红色斑块。 幼鸟喉部没有红色斑块。分布于古巴和皮诺斯岛（Isle of Pines）。栖息于长有灌丛的河谷、山坡，或是开阔的林地。 具领域性，单独或是成对出现，会驱赶其他侵入领域的杂色短尾鴗。 可常见其停栖在枝头上以捕捉飞过的昆虫，有时候也吃小型的蜥蜴。 叫声是快速不连续的嘎嘎声，繁殖期时常可听到快速拍翅飞行的声音。 和本科其他鸟类一样，杂色短尾鴗的食量非常大，喂食巢中幼鸟的频率也很快。
72,CURL CRESTED ARACURI, 捲曲冠大嘴鸟, 捲曲冠大嘴鸟或捲曲冠大嘴鸟是大嘴鸟科Ramphastidae中的一种鸟。该物种于1831年由约翰·格奥尔格·瓦格勒（Johann Georg Wagler）首次描述。
73,D-ARNAUDS BARBET, 达诺的热带巨嘴鸟,达诺的热带巨嘴鸟是一种东非小鸟，以昆虫，水果和种子为食。它长到大约八英寸，在家中树木或地面上都一样。垂直隧道进入地面2到3英尺，并向侧面倾斜并向上转入巢室。在惊人的舞蹈中，雄性和雌性的脸都在附近的树枝上抽动，像机械玩具一样抽动，摆动和唱歌。
74,DARK EYED JUNCO, 暗眼灯草鹀, 暗眼灯草鹀（学名：Junco hyemalis）是一种小型灰色美国麻雀。这种鸟生活范围为北美洲大部分温带地区，夏季可达北极。这是一个非常易变的物种，很像福克斯麻雀（Passerella iliaca），其系统分类还没有完全确定。
75,DOWNY WOODPECKER, 绒啄木鸟, 绒啄木鸟（拉丁文学名：Dryobates pubescens；英文名：Downy woodpecker）是啄木鸟的一种，也是北美洲体型最小的啄木鸟。
76,EASTERN BLUEBIRD, 东蓝鸲, 东蓝鸲（学名：Sialia sialis）是鸫科蓝鸲属下一种生活在北美洲的小型鸟类，它是纽约州和密苏里州的州鸟。东蓝鸲体长在16～21厘米（6.3～8.3英寸）之间，翼展为25～32厘米（9.8～12.6英寸），体重一般在27～34克（0.95～1.20盎司）只有雄性有明显亮蓝色羽毛。
77,EASTERN MEADOWLARK, 东草地鹨, 东草地鹨（英语：eastern meadowlark，学名：Sturnella magna）是草地鹨属下的一种鸟，与西草地鹨外表很相似。生活在北美洲东部到南美洲的地区内。
78,EASTERN ROSELLA, 东玫瑰鹦鹉, 东玫瑰鹦鹉是一种原产于澳大利亚大陆东南部和塔斯马尼亚岛的玫瑰鹦鹉。它已被引入新西兰，在北岛和南岛但尼丁周围的山中发现了野性种群。
79,EASTERN TOWEE, 东部拖尾鸟, 东部拖尾鸟是一种大型的新大陆麻雀。近几十年来，拖尾鸟的分类一直在争论中，以前，这只鸟和斑点的拖尾鸟被认为是一种，即红褐色的拖尾鸟。它们的繁殖栖息地是北美东部的灌木丛地区。它们要么低矮地筑巢在灌木丛中，要么在灌木丛下的地面上筑巢。北部的鸟类迁徙到美国南部。在西欧有一种关于该物种流浪的记录：1966年英国出现了一种鸟类。
80,ELEGANT TROGON, 雅致咬鹃, 雅致咬鹃是咬鹃家族中一种近雀形目鸟类。与有耳格查尔鸟一起，它是世界上出现最多极向的咬鹃种类，从南部的瓜地马拉到亚利桑那州和新墨西哥州的希拉河上游至北部不等。疑核亚种的最北端种群是部分迁徙的，并且偶尔在德克萨斯州的东南部和西部发现了这种游荡的物种。它是半干旱开阔林地和森林的较低水平的居民。
81,ELLIOTS  PHEASANT, 白颈长尾雉, 白颈长尾雉（学名：Syrmaticus ellioti）又名横纹背鸡，是大型雉科长尾雉属鸟类，为中国特有种，主要分布于长江中下游平原的200-1900米低海拔至中海拔山区一带。
82,EMPEROR PENGUIN, 皇帝企鹅, 皇帝企鹅（学名：Aptenodytes forsteri）常简称为帝企鹅或皇企鹅，是企鹅家族中体型最大的属种，成年皇帝企鹅身高可达120厘米，体重可达46公斤。在皇帝企鹅发现之前，有一种企鹅被认为是最大的企鹅，取名为国王企鹅。后来，在南极大陆沿海皇帝企鹅被发现，由于它比国王企鹅还高大，因此命名为皇帝企鹅。
83,EMU, 鸸鹋, 鸸鹋（学名：Dromaius novaehollandiae、拼音：ér miáo，注音：ㄦˊ ㄇㄧㄠˊ，音同“儿苗”），是现存世上除了鸵鸟以外最大的鸟类，为鸸鹋属唯一的物种。由于仅分布于澳大利亚，是国徽上的动物之一，也译作澳大利亚鸵鸟。
84,EURASIAN GOLDEN ORIOLE, 金黄鹂, 金黄鹂（学名：Oriolus oriolus）为黄鹂科黄鹂属的鸟类。分布于欧亚大陆至西伯利亚、印度、巴基斯坦、阿富汗、中东地区、非洲以及中国大陆的新疆、西藏等地，主要生活于绿洲内的村落附近大树上。该物种的模式产地在瑞典。
85,EURASIAN MAGPIE, 喜鹊, 喜鹊（学名：Pica pica），又名鹊、乌鹊、客鹊、飞驳鸟、乾鹊、神女、客鸟，是喜鹊属的一种鸟类，广泛分布于欧亚大陆。
86,EVENING GROSBEAK, 黄昏雀, 黄昏雀（学名：Coccothraustes vespertinus）是一种体型较大的雀。过去认为它属于自己的属，如今通常将它与欧亚大陆的锡嘴雀归于同一属。其繁殖栖息地为全加拿大，以及美国和墨西哥的西部山区的针叶林和混交林。在英伦三岛，它是一种极为罕见的鸟类，到目前为止，仅有两个记录。巢是建在一个水平树枝或树分叉上。
87,FIRE TAILLED MYZORNIS, 火尾绿鹛, 火尾绿鹛（学名：Myzornis pyrrhoura）为鹟科绿鹛属的鸟类。分布于尼泊尔、锡金、不丹、缅甸以及中国大陆的西藏、云南等地，一般栖息于活动于茂密灌丛以及竹林和矮树丛等向阳的地方。该物种的模式产地在尼泊尔。
88,FLAME TANAGER, 火焰唐纳雀, 火焰唐纳雀，以前称为条纹背衬的唐纳雀，是一种中型的美国鸣禽。以前被放置在唐纳雀家族Thraupidae中，该属的其他成员现在被归类为红衣主教家族Cardinalidae。该物种的羽毛和发声与红衣主教家族的其他成员相似。
89,FLAMINGO, 火烈鸟, 火烈鸟，又名红鹳、红鹤。火烈鸟科(Phoenicopteridae)共有三属六种。为一种大型水鸟，主要分布于非洲、中南美洲，以及印度等部分亚热带地区。
90,FRIGATE, 军舰鸟, 军舰鸟科（学名：Fregatidae）在鸟类全基因组测序分类系统上是鲣鸟目中的一个科，其下有军舰鸟属一属的五种：丽色军舰鸟、大军舰鸟、白腹军舰鸟、小军舰鸟、白斑军舰鸟。此外，还有已灭绝的璃茉军舰鸟（Limnofregata）等。
91,GAMBELS QUAIL, 甘贝尔鹌鹑, 甘贝尔鹌鹑是新世界鹌鹑家族中一种在地面栖息的小型鸟类。它居住在亚利桑那州，加利福尼亚州，科罗拉多州，新墨西哥州，内华达州，犹他州，德克萨斯州和索诺拉州的沙漠地区。此外还有新墨西哥州奇瓦瓦州（Chihuahua）和下加利福尼亚州的科罗拉多河（Colorado River）地区。
92,GILA WOODPECKER, 吉拉啄木鸟, 吉拉啄木鸟是美国西南部和墨西哥西部沙漠地区的一种中型啄木鸟。在美国，它们分布在加利福尼亚东南部，内华达州南部，亚利桑那州和新墨西哥州。
93,GILDED FLICKER, 镀金忽悠鸟, 镀金忽悠鸟是美国西南部和墨西哥西北部的索诺拉沙漠，尤马和科罗拉多沙漠东部地区的一种大型啄木鸟，包括除极西北地区以外的整个下加利福尼亚州。金黄色的下翼将镀金的闪烁与在同一区域内发现的北部闪烁区分开来，该区域有红色的下翼。
94,GLOSSY IBIS, 彩鹮, 彩鹮（学名：Plegadis falcinellus）为鹮科彩鹮属的鸟类。分布于欧洲南部、亚洲、非洲、美洲中部，包括中国大陆的上海、浙江、福建、广东等地，主要生活于栖息在湖沼间。该物种的模式产地在奥地利新锡德尔湖。
95,GO AWAY BIRD, 迁徙鸟, 迁徙鸟，是蕉鹃家族中的一种鸟。与许多居住在明亮森林中的蕉鹃不同，这些是非洲野外的鸟类，其羽毛为灰色和白色。在南部非洲，这些鸟类被称为kwêvo?ls，尽管它们与其他蕉鹃也被称为loeries。这只鸟因其喧闹的“走开”的叫声而得名。
96,GOLD WING WARBLER, 金翅莺, 金翅莺是新世界莺。它在加拿大东南部和中南部以及美国东北部到中北部的阿巴拉契亚山脉繁殖。全球大多数人口在威斯康星州，明尼苏达州和马尼托巴州繁殖。金翅莺的种群正在向北缓慢扩大，但总体上在整个范围内都在下降，最有可能是由于栖息地的丧失以及与密切相关的蓝翅莺虫森莺（Vermivora cyanoptera）的竞争/交配。
97,GOLDEN CHEEKED WARBLER, 金颊莺, 金颊莺，又名德克萨斯州的金雀，是一种濒临灭绝的鸟类，在德克萨斯州中部繁殖，从西南的帕洛平托县沿着爱德华高原的东部和南部边缘一直到金尼郡。金颊莺是唯一繁殖范围仅限于德克萨斯州的鸟类。
98,GOLDEN CHLOROPHONIA, 金眉燕雀, 金眉燕雀是燕雀科鸟类的一种。在哥斯大黎加和巴拿马都有发现。在海拔750 m以上的亚热带或热带潮湿的山地森林中，这种现象并不常见。
99,GOLDEN EAGLE, 金雕, 金雕（学名：Aquila chrysaetos）是北半球上一种广为人知的猛禽。如所有鹰一样，它属于鹰科。金雕以其突出的外观和敏捷有力的飞行以著名。金雕是深棕色的，在小斑上有更浅的金棕色羽毛。这种物种的幼鹰通常在尾部有白色，并且在翅膀上经常具有白色标记。 金雕利用敏捷和速度加上强大的脚和大量尖锐的爪子来抢夺各种猎物（主要是兔子、旱獭和其他地松鼠）。
100,GOLDEN PHEASANT, 红腹锦鸡, 红腹锦鸡（学名：Chrysolophus pictus），又名金鸡、彆雉（《尔雅》）、山鸡、采鸡，是雉科锦鸡属的鸟类。原是是中国的特有鸟种，但因为外形美丽被引入至英国等欧洲国家，又因为繁殖能力强、肉质不可口，因此野生红腹锦鸡已经大量分布在亚欧大陆。雄鸟头部黄色、身体及色、加上尾部可以长达1米；雌鸟浑身褐色，有黑色斑点；红腹锦鸡的尾是中国戏曲中孙悟空、花旦等角色的头饰材料，不过目前使用人工的占绝大多数。
101,GOLDEN PIPIT, 黄金鹨, 黄金鹨是干草原的国家，草原和灌丛非洲东部的一个独特鹨。它原产于埃塞俄比亚，肯尼亚，索马利亚，南苏丹，坦尚尼亚和乌干达，并作为流浪者出现在阿曼，南非和辛巴威。成年男性，不像大多数pipits，很容易辨认。它的下面是黄色的，翅膀是黄色的。
102,GOULDIAN FINCH, 胡锦鸟," 胡锦鸟（学名：Erythrura gouldiae），俗称七彩文鸟，由于种名是英国鸟类学家约翰·古尔德为了纪念已故的妻子伊丽莎白（Elizabeth Gould）而命名，因此又被称为古尔德雀或格尔丹雀（Gouldian finch）。胡锦鸟是澳洲的特有种，仅零星分布于澳洲大陆北部，分布范围仅约78.8万平方公里。由于羽色鲜艳，是很受欢迎的宠物鸟。但据国际鸟盟估计，现今野生胡锦鸟仅剩2,400只左右，虽然数量尚没有减少的趋势，但已被国际自然保护联盟列为近危物种。"
103,GRAY CATBIRD, 灰猫声鸟, 灰猫声鸟，也拼写为灰猫声鸟，是中等大小的北美和中美洲的小型鸟类。它是“猫声鸟” Dumetella属的唯一成员。像黑猫鸟一样，它也是Mimidae的基础血统，可能是加勒比仿声鸟和拟声鸟的近亲。在某些地区，它被称为石板色的仿声鸟。
104,GRAY PARTRIDGE, 灰山鹑, 灰山鹑（学名：Perdix perdix）为雉科山鹑属的鸟类。分布于欧洲、亚洲，西起乌拉尔山、东达西萨彦岭西部、北起鄂毕河流域、南达伊朗以及中国大陆的新疆等地，主要栖息于山脚干涸的峡谷、高山、有白杨、赤杨杂树的高地、河边或湖边的树丛、山地田野以及农村附近。该物种的模式产地在瑞典。
105,GREAT POTOO, 大林鸱, 大林鸱科是近雀形目鸟类。它们是位于美国热带的一个属Nyctibius的七个物种之一。就像猫头鹰一样，这个物种是夜间活动的。他们捕食大型昆虫和小型脊椎动物。
106,GREATOR SAGE GROUSE, 艾草松鸡, 艾草松鸡（学名：Centrocercus urophasianus）是北美洲最大的松鸡。它们生长在美国西部和加拿大的阿尔伯塔省和沙士吉万省南部长有三齿蒿的地方，种名也因此得来。甘尼森艾草松鸡最近被承认为一个独立品种，[1]而在莫诺盆地的种群也可能是独立的品种。成鸟有长而尖的尾部，和长至脚趾的羽毛。雄性成鸟在眼上方有黄色的斑点，背灰色，胸白色，喉部深棕色，腹黑色；颈上有两个黄色的囊，可以在求偶时充气以吸引异性。雌性成鸟背部和喉部为杂以白斑的棕灰色，腹部颜色较深。雏鸟背部颜色与雌性成鸟同，腹白色。
107,GREEN JAY, 绿蓝鸦," 绿蓝鸦（学名：Cyanocorax yncas），是鸦科蓝鸦属的一种，分布于尼加拉瓜、委内瑞拉、哥伦比亚、危地马拉、伯利兹、厄瓜多尔、美国、秘鲁、玻利维亚、墨西哥和洪都拉斯。全球活动范围约为1,090,000平方千米。该物种的保护状况被评为无危。绿蓝鸦的平均体重约为72.2克。栖息地包括亚热带或热带的（低地）湿润疏灌丛、亚热带或热带的湿润低地林、亚热带或热带的高海拔疏灌丛、干燥的稀树草原、亚热带或热带严重退化的前森林和亚热带或热带的湿润山地林。"
108,GREY PLOVER, 灰斑鸻, 灰斑鸻（学名：Pluvialis squatarola）为鸻形目鸻科斑鸻属的一种鸟类。在中国大陆，分布于华北、四川、湖南、江苏和东南沿海等地。该物种的模式产地在瑞典。[1]
109,GUINEA TURACO, 几内亚蕉鹃,在几内亚蕉鹃，也被称为绿色蕉鹃，是种蕉鹃，它以前包含在利文斯通的，克尼斯纳，黑嘴和菲舍尔的蕉鹃的亚种。
110,GUINEAFOWL, 珠鸡,珠鸡（Numididae）(guineafowl)，又称珍珠鸡、山鸡、畿内亚鸟，是鸡形目下的其中一科。
111,GYRFALCON, 海东青,海东青（学名：Falco rusticolus），又名矛隼、海青[2]、鹘鹰，是隼属猛禽中最大的一种，分布在北极以及北美洲、亚洲的广大地区，在中国原产于黑龙江、吉林等地。
112,HARPY EAGLE, 角雕,角雕（学名：Harpia harpyja），又名哈佩雕或哈比鹰，是新热带界的一种鹰。它们最初是由卡尔·林奈于1758年所描述，并命名为Vultur harpyja。[3]后来被编入自立的角雕属中。角雕的名字是与希腊神话的哈耳庇厄有关，哈耳庇厄是一种人面鹰身的怪物，负责将死人带到哈底斯面前。它们是美洲中最大只及最强壮的猛禽，很多时都栖息在热带低地森林的上冠层。它们也是世界上最大型的鹰之一，现存只有食猿雕较它们大。已灭绝的哈斯特鹰差不多比它们大50%，同时具备了拥有所有现存成年鸟类中最强179公斤以上的脚爪握力。
113,HAWAIIAN GOOSE, 夏威夷雁,夏威夷雁（学名：Branta sandvicensis），又名黄颈黑雁或黄额黄雁，是夏威夷特有的一种雁，也是夏威夷州的州鸟。它们只分布在茂宜岛、考艾岛及夏威夷岛。
114,HELMET VANGA, 万加头盔,该头盔万加（Euryceros prevostii）是一个独特的前瞻性鸟万加家庭。它主要是蓝黑色的，有红褐色的翅膀和巨大的拱形蓝色钞票。它仅限于马达加斯加东北部的低地和较低的山地雨林。它的饮食由无脊椎动物组成，主要是昆虫。该物种受到栖息地丧失的威胁。
115,HOATZIN, 麝雉,麝雉（学名：Opisthocomus hoazin）是热带的一种鸟类，生活在南美洲亚马逊盆地及奥利诺科河三角洲的沼泽、森林及红树林。它们是麝雉属下的唯一物种[2]，而麝雉属则是麝雉科下的唯一属。此科的分类位置被受争议，仍未有所定论。麝雉的大小如雉鸡，长约65厘米，颈长头小。它们呈褐色，下身淡色，面部没有羽毛及呈蓝色，眼睛呈栗色，头上有红褐色的尖冠。雏雉的翼指上有爪。它们是草食性的，主要吃叶子及果实，消化系统有特大的嗉囊，可以有瘤胃的作用。它们有强烈的气味，可能是因食叶所致。
116,HOODED MERGANSER, 棕胁秋沙鸭,"棕胁秋沙鸭（学名：Lophodytes cucullatus）为鸭科棕胁秋沙鸭属的鸟类, 分布于北美洲 [2]。"
117,HOOPOES,戴胜,戴胜（/ ^ h ü p ü /）都是在非洲，亚洲和欧洲发现的五颜六色的鸟，值得注意的是羽毛他们独特的“皇冠”。尽管许多年来所有现存物种都被归类为一个物种，即Upupa epops，但已确认有3个活着的物种和一种已灭绝的物种。实际上，一些分类学家仍然认为这三个物种都是同种的。一些当局还把非洲和欧亚戴胜保持在一起，但把马达加斯加戴胜分离出去。
118,HORNBILL, 犀鸟科,犀鸟是一种珍贵而漂亮的大型鸟类，嘴的长度占了身长的1/3到一半，在它的头上长有一个铜盔状的突起，叫做盔突，就好像犀牛角一样，因而得名犀鸟。犀鸟体长约75厘米；背面羽毛纯黑，具绿色金属光泽；翼缘和飞羽先端白色。
119,HORNED GUAN, 角冠雉,角冠雉约长85厘米，外表像火鸡，上身黑色有光泽，脚红色，瞳孔白色，喙黄色，头顶上有红色的角。胸部及下腹部都是白色的，尾巴长而呈黑色，近底部分有白色斑纹。雄鸡及雌鸡的外观相似。小鸡较深色，角也较细小，尾巴及双翼都是褐色的。角冠雉是其属内唯一物种，分布在墨西哥东南部至危地马拉的潮湿山区森林。它们分布的海拔可以高达3350米。它们主要吃果实、叶子及无脊椎动物。雌鸡一般会生2只蛋。
120,HORNED SUNGEM, 角蜂鸟,角蜂鸟（学名：Heliactin bilophus）体型较小，喙较长，雄鸟羽色艳丽，具有铜色冠羽，头上有蓝、绿、红三色，眉、喉到前胸黑色，上体青铜绿，下体白色，尾巴又尖又长，呈倒V字型。雌鸟与雄鸟相似，色彩相对黯淡，喉部为白色，缺雄鸟美丽的冠羽
121,HOUSE FINCH, 家朱雀,家朱雀（拉丁名：Haemorhous mexicanus），属于雀形目燕雀科美洲朱雀属。主要分布于北美地区、中美洲等地
122,HOUSE SPARROW, 家麻雀,家麻雀（学名：Passer domesticus）：共有13个亚种。是小型鸟类，体长14-16厘米。背栗红色具黑色纵纹，两侧具皮黄色纵纹；颏、喉和上胸黑色，脸颊白色，其余下体白色，翅上具白色带斑。雄鸟与树麻雀的区别在顶冠及尾上覆羽灰色，耳无黑色斑块，且喉及上胸的黑色较多。雌鸟色淡，具浅色眉纹。较山麻雀雌鸟色彩淡，翼斑不如黑顶麻雀的雌鸟明显，且尾无叉，胸色较淡。西藏亚种及新疆亚种的脸颊及下体较白，体型比指名亚种小。西藏亚种胸部黑色较多。主要栖息在人类居住环境，无论山地、平原、丘陵、草原、沼泽和农田，还是城镇和乡村。留鸟，部分有季节性的垂直迁徙或游荡。性喜结群，除繁殖期间单独或成对活动外，其他季节多呈小群。属杂食性鸟类，分布于古北界及东半球；北美洲及南美洲，西非、中非及南非，新西兰，澳大利亚。在亚洲分布于亚洲中南部、俄罗斯南部、西伯利亚南部、蒙古、中国北方、阿富汗、印度、泰国、老挝及新加坡。
123,IMPERIAL SHAQ, 皇家粗毛,皇家粗毛是原产于南部南美洲的黑色和白色的鸬鹚，主要是在岩石海岸地区。一些分类学机构，包括国际鸟类学家联盟，将其放在Leucocarbo属中 ，而其他的则放置在Phalacrocorax属中。它也被称为蓝眼睛的鸬鹚和许多其他名称，并且是被称为蓝眼睛的鸬鹚的较大的一组之一。它的分类学非常复杂，以前的几个亚种通常被认为是单独的物种。
124,INCA TERN, 印加燕鸥,在印加燕鸥（Larosterna inca）是燕鸥族鸥科。它是Larosterna属的唯一成员。这种羽毛独特的鸟类在秘鲁和智利的海岸上繁殖，并受洪堡洋流的限制。它是厄瓜多尔西南海岸的古怪，稀有游客。可以通过深灰色的身体，头部两边的白胡子以及橘红色的喙和脚来识别它。
125,INDIAN BUSTARD, 南亚鸨,南亚鸨（学名：Ardeotis nigriceps），又名大印度鸨或黑冠鹭鸨，是分布于印度及巴基斯坦东部的鸨。它们受到失去栖息地的威胁。南亚鸨是陆禽，颈部及脚都很长，身体呈褐色及白色。它们站立时高约1米，雄鸟长1.22米及重8-14.5公斤，雌鸟长92厘米及重3.5-6.75公斤。雄鸟及雌鸟外观上相似，但雄鸟的毛色呈较深的沙黄色。头顶黑色，有冠。雌鸟较雄鸟细小，头及颈都不是纯白色，未必有胸部斑纹。
126,INDIAN PITTA, 蓝翅八色鸫,蓝翅八色鸫（学名：Pitta brachyura），是八色鸫科八色鸫属的一种，是全面迁徙的候鸟，分布于印度、斯里兰卡、孟加拉国、中国大陆、尼泊尔和巴基斯坦。全球活动范围约为862,000平方千米。该物种的保护状况被评为无危。蓝翅八色鸫的平均体重约为53.9克。栖息地包括城市、亚热带或热带的（低地）湿润疏灌丛、亚热带或热带的（低地）干燥疏灌丛、亚热带或热带的湿润低地林、种植园、河流、溪流、乡村花园和亚热带或热带的湿润山地林，多栖息于落叶林、常绿林以及雨林。该物种的模式产地在朝鲜。
127,INDIGO BUNTING,靛蓝彩鹀,靛蓝彩鹀是雀形目美洲雀科动物，生活在美国东半部。营巢于美国东半部分大片地区灌木丛，雄鸟几乎一身靛蓝色，但在墨西哥南部和中美洲越冬时会换上褐色的体羽，与雌鸟相仿。
128,JABIRU, 裸颈鹳,裸颈鹳（Jabiru mycteria），是在南美洲及中美洲最高的飞行鸟类，成年裸颈鹳一般长1.22-1.4米，翼展2.3-2.8米，重达8公斤。裸颈鹳（Jabiru mycteria）是分布在由墨西哥至阿根廷，除了安地斯山脉以西的一种大型鹳。它们在巴西的潘塔纳尔湿地及巴拉圭的大厦谷最为普遍。在巴西发现的更新世末期化石，命名为Prociconia，可能其实就是裸颈鹳的一种。另外，在委内瑞拉乌鲁马科发现了上新世的裸颈鹳化石，但仍未描述。
129,JAVA SPARROW, 文鸟,文鸟是若干侏形雀(mannikin)与梅花雀(waxbill)等似雀类的通称，原产亚洲。在原产地曾经危及当地的农作物，被视为害鸟，如今经过饲鸟者的繁殖育种，除了原种的灰文外，已经成功地育成白文、驼文，有新的变种发生，黑文和银文，银文事实上并不是银色的，它只是很淡很淡的灰色，它身体的颜色是由原种灰文的灰色变成浅灰色，原本黑色的区域则变成中灰色。
130,JAVAN MAGPIE, 喜鹊 ,喜鹊（学名：Pica pica）是鸟纲鸦科鹊属的一种鸟类。共有10个亚种。体长40-50厘米，雌雄羽色相似，头、颈、背至尾均为黑色，并自前往后分别呈现紫色、绿蓝色、绿色等光泽，双翅黑色而在翼肩有一大形白斑，尾远较翅长，呈楔形，嘴、腿、脚纯黑色，腹面以胸为界，前黑后白。留鸟。栖息地多样，常出没于人类活动地区，喜欢将巢筑在民宅旁的大树上。全年大多成对生活，杂食性，在旷野和田间觅食，繁殖期捕食昆虫、蛙类等小型动物，也盗食其他鸟类的卵和雏鸟，兼食瓜果、谷物、植物种子等。每窝产卵5-8枚。卵淡褐色，布褐色、灰褐色斑点。雌鸟孵卵，孵化期18天左右，1个月左右离巢。
131,KAKAPO, 鸮鹦鹉,鸮鹦鹉（学名：Strigops habroptila），新西兰人叫“kakapo”，这是当地的毛利语，kaka即“鹦鹉”，po的意思是“夜”。中文翻译成鸮鹦鹉颇为神似，因为鸮鹦鹉的脸盘的确酷似夜间活动的猫头鹰。是一种夜行性鹦鹉，全身披上黄绿色的细点，是新西兰的特有种。它面上有鸮形目独有的面盘羽毛排列，有独特的感受器－羽须，大而灰的喙，短腿大脚，翅膀及相对地短的尾巴。它的不同习性使它成为一种相当独特的品种－它是世上唯一一种不会飞行的鹦鹉，体型冠绝同类。夜行性、草食性，表现出两性异形的身体结构，基础代谢率缓慢，雄性不负责照顾幼小，也是唯一一种实行一夫多妻制、并实行求偶场交配制度的鹦鹉。主要是草食性，吃原生的植物、种子、果实及花粉等。它是世界上寿命最长的鸟类之一。属极危物种。分布于新西兰南部、司图尔特和其它岛屿。
132,KILLDEAR, 双领鸻,双领鸻（学名：Charadrius vociferus）属中小型涉禽。背褐色，腹白色，胸有两条黑色带。飞行时显现出黑白相间的翅和褐色的尾。跗蹠修长，胫下部亦裸出。中趾最长，趾间具蹼或不具蹼，后趾形小或退化。翅形尖长，第1枚初级飞羽退化，形狭窄，甚短小；第2枚初级飞羽较第3枚长或者等长。三级飞羽特长。尾形短圆，尾羽12枚。是迁徙性鸟类，具有极强的飞行能力。通常沿海岸线、河道迁徙。生活环境多与湿地有关，离不开水。栖息于海滨、岛屿、河滩、湖泊、池塘、沼泽、水田、盐湖等湿地之中。分布于美洲地区。
133,KING VULTURE, 王鹫,王鹫（学名：Sarcoramphus papa），又名国王秃鹫，是大型食腐鸟类。是中美洲及南美洲的大型美洲鹫科鸟类。体长约78厘米。头部裸露，色彩极鲜艳醒目。嗉囊发达。尾短。栖息于海拔1200米以下的森林环境中，有时也生活在沼泽边，属于日行性鸟类，平时单独生活，但是找到食物后会蜂拥而至。由于体形和力气较大，能比其他食腐鸟优先取食，很少在森林中出现，仅偶尔捉取林中搁浅在河中沙洲上的鱼，也捕杀小的爬行类或幼小的哺乳动物。分布于墨西哥到阿根廷北部的热带雨林中。是哥斯达黎加的国鸟。
134,KIWI, 鹬鸵,鹬鸵（Kiwi），又译为奇异鸟、几维鸟、奇威鸟，泛指无翼鸟科（Apterygidae）下的鸟，无翼鸟属（Apteryx）是无翼鸟科唯一的属，是新西兰的特有种，也是新西兰的国鸟及象征，“几维鸟”因其叫声“几维”而得名，且蛋是由雄鸟孵出。在古老的新西兰的南北两岛上，因为没有走兽和蛇，鸟类不必逃避，地面上的食物丰富，飞翔能力逐渐退化。这里分布着很多本地特有的鸟类，而且，不少是无翼鸟，因此，新西兰有无翼鸟故乡的称号，但大多无翼鸟在近几百年人类登陆后灭绝了，仅恐鸟就有15种灭绝。鹬鸵是唯一幸存下来的无翼鸟。
135,KOOKABURRA, 笑翠鸟属,笑翠鸟属（学名：Dacelo），又称柯卡布拉，是澳大利亚及新几内亚特有的一属大型的陆生翠鸟。它们最特别的是其叫声，就像是人的笑声。它们栖息在潮湿森林至干旱大草原，但也有栖息在市郊及住宅区的
136,LARK BUNTING, 白斑黑鹀属,脊索动物门、鸟纲、雀形目、鹀科，白斑黑鹀属仅有一个物种，即白斑黑鹀，属小型鸣禽，有一个灰色的小鸟喙，雄鸟羽毛颜色深黑，雌鸟除了双翼有白色斑块，外观上和麻雀相似。繁殖栖息地在加拿大中部草原地区和美国中西部。在地面上觅食，主要吃昆虫，在夏季和冬季吃植物种子，非繁殖期常集群活动，繁殖期在地面或灌丛内筑碗状巢
137,LEARS MACAW, 李尔氏金刚鹦鹉,李尔氏金刚鹦鹉（Anodorhynchus leari）：是鸟纲、鹦鹉科的一种大型的全蓝色巴西鹦鹉，体长70-75厘米，体重约950克。它是金属蓝色，带有微弱的，通常几乎看不见的绿色，面部无羽毛，靠近下颚的地方有半月型黄色裸皮。虹膜深褐色，有橙黄色眼环。喙虽然主要是黑色，但可能有较浅的灰色斑点。脚深灰色。尾极长，属大型攀禽。栖息于有一定高度的沙岩、溪谷崖壁，或有生长仙人掌、灌木等植物的半干旱地带。通常不成对活动，一般是聚8-30只的族群行动，喜爱棕榈树，在树上进食完毕后，会成对理毛社交一番。食谱由许多果实和花朵组成，食量大，有力的喙可将坚果啄开，用钝舌吸出果肉。在河岸的洞里筑巢。寿命最长可达65年。生境局限于非常狭小的范围，仅分布于巴西巴伊亚一带。
138,LILAC ROLLER, 紫胸佛法僧,紫胸佛法僧（学名：Coracias caudatus）是一种佛法僧。它们广泛分布在撒哈拉以南非洲及阿拉伯半岛南部，喜欢广阔的林地及大草原。它们一般是独居或成对的，留在树顶等地方等待猎物。它们主要吃昆虫、蜥蜴、蝎子、蜗牛、细小鸟类及地上的啮齿目。它们会在树穴中筑巢，每次生2-4只蛋。双亲会一同孵化鸟蛋，同时会变得具有攻击性。于繁殖季节间，雄鸟会飞到高处向下俯冲，发出尖锐的声音。雄鸟及雌鸟的颜色相似。幼鸟没有成鸟的长尾羽。紫胸佛法僧是博茨瓦纳及肯亚的国鸟。
139,LONG-EARED OWL, 长耳鸮,长耳鸮，学名Asio otus，又名长耳木兔、有耳麦猫王、虎鵵、彪木兔、夜猫子、猫头鹰、肖尔腾－伊巴拉格。
140,MALABAR HORNBILL, 印度冠斑犀鸟, 印度冠斑犀鸟分布于印度次大陆及中国的西南地区（包括印度、孟加拉、不丹、锡金、尼泊尔、巴基斯担、斯里兰卡、马尔代夫以及中国西藏的东南部地区等。）
141,MALACHITE KINGFISHER,孔雀石翠鸟,这是一只小翠鸟，长13厘米。成年鸟上部的一般颜色是明亮的金属蓝色。头部有黑色和蓝色羽毛的短波峰，因此产生了科学名称。脸部，脸颊和下半部呈金红褐色，在喉咙和后颈侧面有白色斑点。
142,MALEO,马利奥冢雉,马利奥冢雉隶属于鸡形目、冢雉科，是一种奇特的鸟类，因为刚孵化好、破壳而出的幼鸟就能飞翔。这种鸟类营巢习性特殊，自己不孵卵，而把卵产在有腐植质的堆积中、沙土上和火山灰上，借自然热力进行孵化，故名营冢雉。
143,MALLARD DUCK,绿头鸭,绿头鸭属游禽，大型鸭类。体长47-62厘米，体重大约1千克，外形大小和家鸭相似。雄鸟嘴黄绿色，脚橙黄色，头和颈辉绿色，颈部有一明显的白色领环。上体黑褐色，腰和尾上覆羽黑色，两对中央尾羽亦为黑色，且向上卷曲成钩状；外侧尾羽白色。胸栗色。翅、两胁和腹灰白色，具紫蓝色翼镜，翼镜上下缘具宽的白边，飞行时极醒目。雌鸭嘴黑褐色，嘴端暗棕黄色，脚橙黄色和具有的紫蓝色翼镜及翼镜前后缘宽阔的白边等特征。通常栖息于淡水湖畔，亦成群活动于江河、湖泊、水库、海湾和沿海滩涂盐场等水域。鸭脚趾间有蹼，但很少潜水，游泳时尾露出水面，善于在水中觅食、戏水和求偶交配。喜欢干净，常在水中和陆地上梳理羽毛精心打扮，睡觉或休息时互相照看。以植物为主食，也吃无脊椎动物和甲壳动物。分布于欧洲、亚洲和美洲北部温带水域。越冬在欧洲、亚洲南部、北非和中美洲一带。
144,MANDRIN DUCK,鸳鸯,鸳鸯（学名：Aix galericulata），又名乌仁哈钦、官鸭、匹鸟、邓木鸟，是经常出现在中国古代文学作品和神话传说中的鸟类。鸳指雄鸟，鸯指雌鸟。鸳鸯在动物分类学上属于雁形目鸭科鸳鸯属，英文名为“Mandarin Duck”（即“中国官鸭”）。
145,MARABOU STORK,非洲秃鹳,非洲秃鹳栖居在河流、湖泊、沼泽、草地等地带，甚至靠近人类居住区，集群，日行性，飞翔沉重、缓慢。留鸟。颈下部的膨胀肉垂(喉囊)用于求偶炫耀，主要以各种动物的尸体为食，也捕食昆虫、鱼、鼠和鸟等活猎物。有时会翻食垃圾。
146,MASKED BOOBY,蓝脸鲣鸟,蓝脸鲣鸟（学名：Sula dactylatra）是一种黑白色鲣鸟。体长92厘米，翼展152-170厘米，体重1220-2350 克，寿命15年。成鸟特征为前额及翼上覆羽白色，背白，头白而具黑色斑纹。幼鸟似褐鲣鸟但具白色领环，上体褐色较浅，翼下具横斑。主要栖息于热带海洋、海岬和岛屿上，以各种鱼类，特别是飞鱼为食，也吃乌贼和甲壳类。营巢于大而平坦的海岬和与海岛上，成群在一起营巢。每窝产卵2枚。是一种广泛分布于热带海域的留鸟。群居。
147,MASKED LAPWING,白颈麦鸡,白颈麦鸡（学名：Vanellus miles）以前被称为“蒙面珩”（Masked Plover）和“直翅珩”（Spur-winged Plover）。是澳大利亚较为常见的鸟类之一，尤其在北部和东部地区。白颈麦鸡大部分的时间在地面上寻找食物，如小型的昆虫。
148,MIKADO  PHEASANT,黑长尾雉,黑长尾雉（学名：Syrmaticus mikado）大型鸡类，体长53~88厘米。雄较雌大。雄鸟通体紫蓝色，脸鲜红色，翅上有一条显著的白色翅斑，尾甚长，黑色，具显著的白色横斑，脚绿褐色。雌鸟通体橄榄褐色，脸红色，背和翅满布棕褐色斑纹和灰白色羽缘，脚绿褐色，尾棕栗色，具黑色横斑。相似种蓝鹇脚鲜红色，雄鸟上背和中央尾羽白色，头具白色冠羽；雌鸟上下体均无白斑，腹具“V”字形暗褐色斑，脚亦为鲜红色，区别均甚明显，野外容易辨识。长栖于下针叶林及混交林地带的密林，或竹林及阴坡灌丛。性谨慎而胆小。告警时wok~wok~wok地高叫。繁殖季节雄鸟发出尖厉哨音。
149,MOURNING DOVE,哀鸠,哀鸽（学名：Zenaida macroura）：是鸟纲、鸽形目的一种鸠鸽。体型中等，体长23-34厘米，翼展约45厘米，体重86-170克。雌鸟和雄鸟外形相似。喙短，嘴爪平直或稍弯曲，嘴基部柔软，被以蜡膜，嘴端膨大而具角质；颈较短，胫全被羽；翼发达，善飞行；尾短而圆；腿短健，无蹼，后趾与前三趾同在一个水平面上。眼部下方有一个明显的新月形黑色羽毛区域。眼睛为黑色，周围皮肤较薄。通常全身灰褐色且颜色暗哑。栖息于大多数环境适宜的地方，在茂密的落叶林或针叶林中或多岩石的山区和农村，在岩缝、峭壁或树木枝条上营巢。每年，大量的哀鸽从分布区北部地区迁徙至1月温度高于?12℃的南部地区越冬。食物绝大部分是种子等素食，占其膳食总量的95%。也吃少量的蜗牛或昆虫。哀鸽会吃足够的食物来填满嗉囊，然后在飞行的间隙休息时消化食物。分布于中美洲和北美洲及其近海岛屿。
150,MYNA,家八哥,家八哥（学名：Acridotheres tristis）：中型鸟类，体长24-26厘米。整个头、颈黑色微具蓝色光泽。背葡萄灰褐色，飞羽黑褐色，基部白色，形成显著的白色翅斑。尾黑色具白色端斑。胸和两胁同背，但较淡，腹和尾下覆羽白色。眼周裸皮以及嘴和脚橙黄色。主要栖息于海拔1500m以下的低山丘陵和山脚平原等开阔地区，尤以农田、草地、果园和村寨附近较常见。成群活动，有时也和斑椋鸟混群。主要在地上活动和觅食，也常伴随家畜活动和觅食，有时站在家畜背上啄食寄生虫。主要以昆虫为食，也吃谷粒、植物果实和种子等植物性食物。 分布于印度、阿富汗、塔吉克斯坦、缅甸、尼泊尔、锡金、泰国、斯里兰卡和中南半岛等地，已被引种到安德曼群岛、尼科群岛、夏威夷、澳大利亚、新西兰、南非和其他很多热带岛屿。
151,NICOBAR PIGEON,尼柯巴鸠,尼柯巴鸠(Nicobar Pigeon)，大型鸽类，学名Caloenas nicobarica，体长34-40厘米。头部和颈部的长羽为黑灰色，带有紫色金属光泽。上体主要为绿色，带有红铜色光泽。翅膀带有蓝色。下体暗灰色。尾羽白色。虹膜褐色。嘴黑色。腿、脚紫色。
152,NORTHERN BALD IBIS,隐鹮,隐鹮（学名：Geronticus eremita）是栖息在荒芜、半沙漠或岩石环境的一种朱鹭。体长70-80厘米，身体呈光泽黑色，红色的面部及头部没有羽毛，喙长而弯。隐鹮不像其他朱鹭般在水上生活，主要吃蜥蜴、昆虫及其他细小的动物，它们在岸边或山崖的地盘繁殖，每次产2-3枚卵。隐鹮曾广泛分内在中东、北非及南欧，化石可以追溯至最少180万年前。已在欧洲消失了超过 300年，现仅在摩洛哥、叙利亚有极少数，被红色目录（The IUCN Red List）列为极危物种。
153,NORTHERN CARDINAL,北美红雀 ,北美红雀（学名：Cardinalis cardinalis）：体型中等，体长24厘米，翼展25-31厘米，体重 42-48克。雄鸟呈鲜红色，面部呈黑色，一直伸延至上胸。背部及双翼最为沉色。雌鸟呈灰棕色，双翼、冠及尾羽上有红彩。 雌雄异形，均有羽冠。北美红雀的学名意义是天主教会的枢机，因枢机有着明显的红袍及帽子。皇冠般傲立的穗状头冠和一身烈焰般的羽毛异常醒目，是世界上最美丽耀眼的鸟类之一。北美红雀是留鸟，栖息在林地、花园、丛林及沼泽。它们主要吃谷物，也会吃昆虫及果实。雄鸟是地盘性的，会以歌声来定界。分布于加拿大南部，经美国东部缅因州至得克萨斯州，南下至墨西哥，在夏威夷的大岛及瓦胡岛也有分布。
154,NORTHERN FLICKER,北扑翅鴷 ,北扑翅鴷（学名：Colaptes auratus）体长30-35厘米，体重105-167克。是一种美丽的北美啄木鸟，具有迷人的外观。有一个强壮敦实的身体，小巧圆圆的脑袋，长尾巴，和一个强大的、向下弯曲的鸟喙。眼先和眼睛周围白色，面有绒革，脸颊粉红色，颈部及上胸部是色彩分明的白、黑、黄或红的色块。下巴和喉咙有黑色或白色斑点，雄性有黑色或红色的类似胡子的标记。翕、背部，肩羽，翼羽和尾巴覆盖着黑褐色、棕色或白色的细条纹。嘴黑色，腿爪灰绿色，虹膜是棕色或红棕色。常单独、成对或以家庭组成15只左右的小群一起活动 。食物主要为昆虫，蚂蚁是它们喜爱的食物，此外，也吃一些浆果、种子、坚果。通常筑巢于树木上。分布于加拿大、开曼群岛、古巴、墨西哥、圣皮埃尔和密克隆、美国。
155,NORTHERN GANNET,北鲣鸟,北鲣鸟(Sula bassana)则长达100cm，体重约3600g。嘴坚强，为锥形，至先端渐细而尖，并稍下曲，但从不成钩状，嘴基及脸部有裸皮;鼻孔在成鸟完全闭合;有喉囊但很小而裸出。两翅尖长，第1枚初级飞羽最长，第5枚次级飞羽缺如。尾羽12~18枚，长而呈楔形。两脚短健;趾具全蹼，外趾和中趾等长，中爪宽而具栉缘，多数种类除背、两翅和尾为黑色或褐色外，体羽概白。
156,NORTHERN GOSHAWK,苍鹰,苍鹰（拉丁学名：Accipiter gentilis）是中小型猛禽。体长可达60厘米，翼展约1.3米。头顶、枕和头侧黑褐色，枕部有白羽尖，眉纹白杂黑纹；背部棕黑色;胸以下密布灰褐和白相间横纹；尾灰褐，有4条宽阔黑色横斑，尾方形。飞行时，双翅宽阔，翅下白色，但密布黑褐色横带。雌鸟显著大于雄鸟。食肉性，主要以森林鼠类、野兔、雉类、榛鸡、鸠鸽类和其他小型鸟类为食。栖息于不同海拔高度的针叶林、混交林和阔叶林等森林地带，也见于山施平原和丘陵地带的疏林和小块林内。视觉敏锐，善于飞翔。白天活动。性甚机警，亦善隐藏。通常单独活动，叫声尖锐洪亮。见于整个北半球温带森林及寒带森林。苍鹰由于其卓越的生存能力和拼搏精神，一直为人们所喜欢。当今由于环境污染生态破坏等原因，苍鹰的生存很大程度上受到威胁。也由于苍鹰优秀的生理特性，科学家加深了对其的研究，社会中也有很多人开始驯养苍鹰。并在农业、航运中开始发挥其巨大作用。
157,NORTHERN JACANA,美洲水雉,美洲水雉（学名：Jacana spinosa）体长17-23厘米，是中小型涉禽。羽毛红褐色，具有明亮的金绿色飞羽，繁殖期具有艳丽的羽色，雌鸟体型比雄鸟大，栖息在热带地区的水塘和湖泊中，能够在浮水植物叶片上自由行走、把身体的重量延伸到长脚趾上去分担。雌鸟繁殖期具有较强的攻击性，抢夺地盘，是有名的产卵机器。雄鸟负责孵卵。分布于墨西哥、美国、巴拿马、古巴、牙买和西印度群岛的岛屿。
158,NORTHERN MOCKINGBIRD,小嘲鸫,小嘲鸫分布限于美洲，有34种，小嘲鸫 Mimus polyglottos 是北美洲受欢迎的鸣禽，是美国5个州的州鸟。极擅长鸣叫和模仿，英文名即模仿鸟之意。
159,NORTHERN PARULA,北森莺,北森莺也叫黄背蓝莺，雀形目、森莺科、橙尾鸲莺属，是一种体重只有几克的小鸟。体长通常在10.8到12.4厘米之间，翼展16到18厘米，体重只有5到11克。
160,NORTHERN RED BISHOP,橙巧织雀,一种非常小的群居种类，生活在开阔的栖息地，包括农业区和沼泽边缘; 通常成群地存在于数十到数百个群落中。注意繁殖中雄性的黑色脸部和头冠，棕色的翅膀，长长的橙红色的上尾覆盖物(隐藏黑色的尾巴)。非繁殖的雄性和雌性区别于类似的黑翼象，它们的体型较小，喙较小，与黄冠象的区别是颜色较淡，胸部有限的条纹。歌曲是一个快速混乱的吱吱声，叽叽喳喳，和教堂的音符。它的叫声包括尖锐的“ tsit”和“ tzit”
161,OCELLATED TURKEY,眼斑火鸡 ,眼斑火鸡雄性比雌性略大，长得很差劲，蓝色的秃脑袋上冒出几个橙黄色的疙瘩。但是它羽色艳丽，在美洲鸟类的选美比赛中名列前茅，这一现实仿佛是在告诫你千万不要以貌取人。眼斑吐绶鸡的身体呈铜色及绿色。虽然雌鸡较深及绿色，胸部羽毛与雄鸡相似。雄鸡及雌鸡都没有胡须。尾巴羽毛是蓝灰色的，在金色的近端位置有一个像眼睛及呈蓝铜色的大点。这个大点令一些学者认为它们与孔雀有关。上身及次级飞羽底呈虹铜色。初级及次级飞羽有像北美洲的火鸡的斑纹，但次级飞羽及边缘的白色较多。雄鸡及雌鸡的头部呈蓝色，有橙色或红色的小节，在雄鸡尤为明显。雄鸡的头上有一个蓝色的冠，冠上有像颈上的小节。在繁殖期间，它们的冠会竖起及变得更鲜色。眼眶没有羽毛，呈鲜红色，繁殖期的雄鸡特别明显。脚呈深红色，比北美洲火鸡较短及幼。超过1岁的雄鸡脚上有长4厘米的距，比北美洲火鸡的长及幼。眼斑吐绶鸡较野外火鸡的北美洲亚种细小。雌鸡在生蛋时重4公斤，平时重3公斤;繁殖期的雄鸡重约5-6公斤。
162,OKINAWA RAIL,冲绳秧鸡,冲绳秧鸡是一种生活在日本冲绳岛的不会飞的鸟。它的喙和腿是鲜艳的桔红色，与它深棕色的体羽毛形成鲜明的对比。背羽和翅膀是棕黑色，腹部黑色有明显的白色横纹。在它的头部，自眼角沿脑部有一条很特别的白色条纹。最突出的是它的整体羽毛的色彩对比鲜明，棕背、布满白纹的黑腹，尾巴尖上的那块白斑。这种几乎不会飞的鸟有一条极短的尾巴和长而强壮的腿。幼鸟的腹部色彩略浅。前额羽毛较硬;嘴长直而侧扁稍弯曲，嘴长等于或长于跗跖;鼻孔呈缝状，位于鼻沟内。翅短，向后不超过尾长，第2枚初级飞羽最长，第1枚初级飞羽的长度介于第6枚和第8枚之间。尾羽短而圆。跗跖长短于中趾或中趾连爪的长度;趾细长，趾间无蹼。上体褐色有黑色条纹，面部和下体前部为灰色或灰蓝色。雌雄羽色相似。
163,OSPREY,鱼鹰,鱼鹰（学名：Pandion haliaetus）又名鹗。是隼形目鹗科鹗属仅有的一种鸟类动物。体长1.5-1.7米，体重1-2千克。嘴黑色，头白色，顶上有黑褐色细纵斑；背部大致暗褐色，尾羽有黑褐色横斑；腹部为白色，胸部有赤褐色的纵斑。飞行时，双翼呈狭长型，翼下为白色。活动于水库、湖泊、溪流、河川、鱼塘、海边等水域环境，主要以鱼类为食。可以潜水捕食多种鱼类，有时也捕食蛙、蜥蜴、小型鸟类等其他小型陆栖动物。常在天气晴朗之日，盘旋于水面上空，定点后俯冲而下，再将捕获的鱼带至岩石、电杆、树上等地方享用。除了南极和北极，亚洲、北美洲等各大洲均有分布。
164,OSTRICH,鸵鸟,鸵鸟(学名:Struthio camelus)，为鸵鸟科唯一的物种，是非洲一种体形巨大，不会飞但奔跑得很快的鸟，也是世界上现存体型最大的鸟类。生活在非洲草原上。高可达2.5米，全身有黑白色的羽毛，脖子长而无毛，翼短小，腿长。平时速度达60km/h，最快达72km/h。
165,OYSTER CATCHER,蛎鹬 ,蛎鹬（拉丁名：Haematopus ostralegus）是中型涉禽，体羽以纯黑色或黑、白两色为主，体型浑圆，脚短粗。嘴形特别，较长而强，适于开启坚硬的贝壳（牡蛎等）。嘴通常是红色或桔红色。鼻孔线状，鼻沟长度达上嘴一半。脚粉红色，足仅具前三趾，后趾退化。平时栖息在海岸、沼泽、河口三角洲。大多数单个活动，有时结成小群在海滩上觅食软体动物、甲壳类或蠕虫。跑得快，飞翔力强。常站立在海滨低岩的顶部等待退潮，潮退后，在淤泥或沙中搜索食物。在海滨砂砾中筑陷穴状巢，每窝产卵2～4枚，卵橄榄黄带灰色，有褐黑色斑点。广泛分布于温带和热带地区的沿海。是爱尔兰的国鸟。
166,PAINTED BUNTIG,丽彩鹀,丽彩鹀是生活在北美的一种歌鸟，羽毛色泽鲜艳，叫声委婉动听，由于人类活动造成的栖息地减少，使这一鸟类数量急剧下降，据统计，自20世纪60年代初以来，北美洲有12种歌鸟的数量下降了30%~40%。
167,PALILA,黄胸拟管舌鸟,黄胸拟管舌鸟是夏威夷的一种雀。它们的头部及胸部都呈金黄色，腹部较浅色，背部灰色，双翼及尾巴呈绿色。它们与Sophora chrysophylla这种树有紧密的生态关系，由于夏威夷干旱森林的破坏而同时濒危。黄胸拟管舌鸟的头部及胸部呈黄色，腹部呈白色至浅灰色，背部呈中灰，双翼及尾巴是橄榄绿色的。喙呈深色，两侧肿大，虹膜呈褐色，脚深色，脚掌黄色。它们是夏威夷最大的雀之一，长约6-7.5厘米。黄胸拟管舌鸟有一些两性异形。雄鸟倾向呈鲜色，眼睛有明显的黑色。雌鸟较为细小，头部的黄色也较沉。
168,PARADISE TANAGER,五影唐加拉雀 ,鹀科(Emberizidae)，鹀科嘴成圆锥状而较尖，粗短强厚，闭嘴时上下嘴间有缝隙，不同种类在栖息地、食性、行为、羽饰等方面有很大差别，主要食种子，也食昆虫，雌雄鸟羽毛常颜色相似，有些种类的羽毛色彩鲜艳。鹀科分部遍及全球，种类繁多，其中以美洲种类最丰富，共约133属554种，我国5属30种。
169,PARUS MAJOR,大山雀 ,大山雀（学名：Parus major）：中小型鸟类，体长13-15厘米。整个头黑色，头两侧各具一大型白斑。上体蓝灰色，背沾绿色。下体白色，胸、腹有一条宽阔的中央纵纹与颏、喉黑色相连。栖息于低山和山麓地带的次生阔叶林、阔叶林和针阔叶混交林中，也出入于人工林和针叶林。性较活泼而大胆，不甚畏人。行动敏捷，常在树枝间穿梭跳跃，或从一棵树飞到另一棵树上，边飞边叫，略呈波浪状飞行，波峰不高。主要以金花虫、金龟子、毒蛾幼虫、蚂蚁、蜂、松毛虫、螽斯等昆虫为食。分布于中国、非洲西北部、摩洛哥、突尼斯、阿尔及利亚、欧洲、中亚、西伯利亚、远东、朝鲜、日本、阿富汗、巴基斯坦、印度、中南半岛和印度尼西亚。
170,PEACOCK,孔雀,孔雀（英文名称：Peafowls）：仅2属3种。孔雀属包括2种，全长达2米以上，其中尾屏约1.5米，为鸡形目体型最大者。头顶翠绿，羽冠蓝绿而呈尖形；尾上覆羽特别长，形成尾屏，鲜艳美丽；真正的尾羽很短，呈黑褐色。雌鸟无尾屏，羽色暗褐而多杂斑。 栖息于森林的开阔地带。杂食性。1雄配数雌。蓝孔雀分布于印度和斯里兰卡；绿孔雀分布于东南亚，中国仅见于云南西部和南部，野生数量稀少，为中国国家一级保护动物。孔雀肉可食用，已人工养殖，白化品种称白孔雀，全身雪白。刚果孔雀1936年才被发现，体长70厘米，雄性体黑色，头顶具白色簇羽，雌性绿色和棕色。分布于非洲热带地区。
171,PELICAN,鹈鹕,鹈鹕（学名：Pelecanus）鹈鹕属8种水禽的统称。身长约150厘米，全身长有密而短的羽毛，羽毛为白色、桃红色或浅灰褐色。有些种类的鹈鹕体形较大，其翼展宽3米，能以超过每小时40千米的速度长距离飞行。嘴长30多厘米，具有下嘴壳与皮肤相连接形成的大皮囊；皮囊可以自由伸缩。尾羽根部有个黄色的油脂腺，能够分泌大量的油脂，油脂被用来涂抹羽毛，保持羽毛光滑柔软，便于避水。分布于全世界的温暖水域。大型游禽。喙长，喉囊发达，适于捕鱼，但不贮存。主要栖息于湖泊、江河、沿海和沼泽地带。常成群生活，善于飞行，善于游泳，在地面上也能很好地行走。飞行时头部向后缩，颈部弯曲靠在背部，脚向后伸，两翅鼓动缓慢而有力，也能像鹰一样在空中利用上升的热气流来回翱翔和滑翔，但通常没有鹰飞得高。在水中游泳时，颈常曲成“S”形，并不时地发出粗哑的叫声。主要以鱼类为食，觅食时从高空直扎人水中。
172,PEREGRINE FALCON,游隼,游隼（学名：Falco peregrinus）是中型猛禽，共有18个亚种。体长41~50厘米。翅长而尖，眼周黄色，颊有一粗著的垂直向下的黑色髭纹，头至后颈灰黑色，其余上体蓝灰色，尾具数条黑色横带。下体白色，上胸有黑色细斑点，下胸至尾下覆羽密被黑色横斑。飞翔时翼下和尾下白色，密布白色横带，常在鼓翼飞翔时穿插着滑翔，也常在空中翱翔，野外容易识别。幼鸟上体暗褐色，下体淡黄褐色，胸、腹具黑褐色纵纹。主要栖息于山地、丘陵、半荒漠、沼泽与湖泊沿岸地带，也到开阔的农田、耕地和村屯附近活动。分布甚广，几乎遍布于世界各地。是阿拉伯联合酋长国和安哥拉的国鸟。
173,PHILIPPINE EAGLE,食猿雕,食猿雕（学名：Pithecophaga jefferyi），也称作菲律宾雕。体型大，喙和爪均强健，上喙边端具弧形垂突，适于撕裂猎物吞食；基部具蜡膜或须状羽；翅强健，翅宽圆而钝，扇翅及翱翔飞行，扇翅节奏较隼科慢；跗跖部大多相对较长，约等于胫部长度，腿部羽毛一直覆盖接近至脚爪。雌鸟显著大于雄鸟。其主要猎物是各种树栖动物，如猫猴、蝙蝠、蛇类、蜥蜴、犀鸟、灵猫、猕猴及野兔等，在村庄附近，它们还经常捕杀狗、猪等家畜，在啄食猴子时十分凶残，所以有“食猴鹰”之称。仅存不到500对，主要集中分布于棉兰老岛的雨林中，是菲律宾的国鸟。
174,PINK ROBIN,粉红知更鸟,这只美丽的鸟通常以红胸闻名，原产于澳大利亚东南部。主要见于温带森林、热带或亚热带潮湿低地森林，可以长到5.3岁。深棕色的眼睛和腿，雄性一般有粉红色的乳房，灰色的翅膀和尾巴。然而，雌性长着灰褐色的羽毛。
175,PUFFIN,北极海鹦,北极海鹦（学名：Fratercula arctica）是海雀科的一种海鸟，体长26-38厘米，体重约490克。冠为黑色，脸颊灰色，腹部白色。喙大，为红黑色，腿为橙色，与其羽毛成为鲜明对比。冬天在海上蜕毛，失去一些鲜艳的脸部特征。成年雄性和雌性的外观很相似，除了雄性个头略大。幼鸟有类似羽毛，脸颊为灰色。生活在北方的群体通常比生活在南方的群体个头略大。普遍认为这是不同的亚种。常成群飞翔于海边，以鱼为食。在陆地上，以直立姿态站立。在海表面游水。繁殖于北大西洋海岸，在北大西洋海域过冬。哺育范围包括冰岛、挪威、格陵兰岛、纽芬兰和许多北大西洋岛屿，南至缅因州西部和不列颠群岛的东部。
176,PURPLE FINCH,紫雀, 紫翅雀北美洲的一种雀，头部、胸部和尾部呈覆盆子红色、紫色，喙短而结实，适于咬碎种子果壳科，果壳属
177,PURPLE GALLINULE,风头鸡, 一种产于中美洲、南美洲和美国东南部的彩色鸡，头、脖子和腹部呈紫色，背部呈青铜色，腿呈黄色，喙尖呈黄色
178,PURPLE MARTIN,北美洲紫燕,北美大型燕，雄性为蓝黑色
179,PURPLE SWAMPHEN,紫水鸡,鹤形目秧鸡科的鸟类，中型涉禽，共有13个亚种。体长约44厘米。嘴粗壮，鲜红色，短而侧扁；鼻沟浅而宽，鼻孔小而圆，在鼻沟前部下方，额甲宽大，后缘呈截形，橙红色。翅圆形，第2枚、第3枚和第4枚初级飞羽最长，并几乎等长；第1枚和第6枚或第7枚初级飞羽等长。跗蹠和趾长而有力，暗红色；能用脚趾抓住和操纵食物，这在秧鸡科中很特殊。两性同型，体羽大都为紫色或蓝色，尾下覆羽白色，翅和胸蓝绿色。栖息于江河、湖泊周围的沼泽地和芦苇丛中。以昆虫、软体动物、水草等为食。
180,QUETZAL,大咬鹃,中美洲和南美洲的咬鹃，有金绿色和深红色的羽毛
181,RAINBOW LORIKEET,虹彩吸蜜鹦鹉,共有21个亚种，体长25-30厘米，羽色鲜艳。体重120-130克。嘴为桔红色，脚为蓝灰色。头顶、下颌及脸颊部为深蓝色。枕部和颈上部有紫褐色和黄绿色的环带。背部、翅膀和尾羽为绿色。胸部为红色，并具有黑色的带状块斑，腹部、两胁为暗绿色，并有红色横斑，尾下覆羽为黄色。鸟喙比一般鹦鹉的长、更特别的是细长的舌头上有刷状的毛，称为刷状舌，方便该鹦鹉深入花朵中取得食物。常成群啁啾尖叫，叫声嘈杂，栖息在低地森林、开阔林地和公园中，以花粉和花蜜为食，也吃种子、果实和昆虫。 成对或集群活动。活泼好动，从一个树丛飞到另一个树丛。飞行呈直线，速度快。分布于澳大利亚，印尼，巴布亚新几内亚和所罗门群岛
182,RAZORBILL,海雀,北大西洋黑白海雀，喙扁平而尖
183,RED BEARDED BEE EATER,红须食蜂鸟,有着长而细的喙，敏捷的飞行能力，并因有着鲜艳的羽毛而闻名，头顶有冠，背部是栗色，往下渐渐变成浅色。头部是黑白相间，喉部是黄色，翅膀收起来的时候是绿相蓝。栖息地家从葡萄牙和北非延伸，穿过地中海和南俄罗斯，一直到达中国的最西部。冬天的时候会迁徙到南非，偶然也会有偏离到达北欧。像翠鸟一样，食蜂鸟是在土质堤岸挖洞筑巢
184,RED BELLIED PITTA,红胸八色鸫,"是八色鸫科红胸八色鸫属的一种，分布于印度尼西亚、巴布亚新几内亚、菲律宾和澳大利亚。全球活动范围约为1,250,000平方千米。该物种的保护状况被评为无危，平均体重约为74.0克，栖息地包括亚热带或热带的(低地)湿润疏灌丛、亚热带或热带的湿润低地林、种植园、亚热带或热带严重退化的前森林、河流、溪流和亚热带或热带的湿润山地林。分布于太平洋诸岛屿，包括中国的台湾省、东沙群岛、西沙群岛、中沙群岛、南沙群岛以及菲律宾、文莱、马来西亚、新加坡、印度尼西亚的苏门答腊、爪哇岛以及巴布亚新几内亚。华莱士区，指传统的华莱士线(从棉兰老岛的东侧海域经望加锡海峡至巴厘岛与龙目岛之间)以东、巴布亚新几内亚以西的区域，包括印度尼西亚的苏拉威西岛、努沙登加拉群岛、西南群岛、摩鹿加群岛(马鲁古群岛)、东帝汶等岛屿。中国国家Ⅱ级重点保护动物"
185,RED FACED CORMORANT,红脸鸬鹚,大型水鸟，体长70~76cm，体重约2kg。夏羽主要为黑色，头顶和枕部备有一簇彼此分离的冠羽、颜色为黑色，具铜绿色金属光泽，腰股部有一簇长而窄的白色羽毛。冬羽亦为黑色而富有金属光泽。常成小群活动。除晚上和休息时上到岸上外，其他时候几乎在海上活动。营巢于海岸和邻近岛屿的悬岩峭壁上，特别是突出于海中的较为平坦和开阔的悬岩和岩石。常呈分散的小群营巢。巢通常由海草构成
186,RED FACED WARBLER,红脸鸣鸟, 一种生活在墨西哥山区森林和美国西南部的鸟类，是仅有的一种拥有鲜红颜色的莺，另一种是红尾莺。雄性的颜色比雌性略多一些，但与大多数莺不同的是，雌性的羽毛与雄性非常相似。雌性的头部颜色略少。活动范围主要分布在有落叶树木点缀的常绿森林中，通常位于海拔相对较高的地方。冬季的生境也是典型的高海拔森林，可以是常绿、混交林或落叶林。主要以昆虫为食，毛虫是它的首选食物之一
187,RED HEADED DUCK,红头鸭,源于中美洲、南美洲热带雨林地区的森林。公鸭与母鸭第一代子代无繁殖能力，专供肉用。瘦肉率高，肉味鲜美
188,RED HEADED WOODPECKER,红头啄木鸟,一种细小或中等体型的啄木鸟，生活在北美洲的温带地区 包括:美国、加拿大、格陵兰、百慕大群岛、圣皮埃尔和密克隆群岛及墨西哥境内北美与中美洲之间的过渡地带。它们会在加拿大南部及美国东部及中部繁殖
189,RED HONEY CREEPER,红色夏威夷食虫鸣鸟,夏威夷群岛的小型至中型雀类，是美洲热带色彩鲜艳的小鸣鸟，有弯曲的喙吮吸花蜜
190,RED WINGED BLACKBIRD,红翅黑鹂,是美洲黑鸟中最出名的是红翅黑鸟，体长19-24厘米，翼展30-37厘米，体重65克，春天雄鸟羽色翅膀上端橘红色连带小块白色，似大帅的红色肩章，头部及爪呈深蓝光泽，所有的羽毛都呈蓝黑色，因雄鸟肩翅呈现鲜艳的红色而得名。秋天羽毛边缘会变成锈色，大都生活在北美沼泽地带
191,RED WISKERED BULBUL,红耳鹎,又名红颊鹎，俗名高髻冠、高鸡冠、高冠鸟、黑头公、红屎忽等，是一种原产于亚洲热带的鹎属鸟类，后来作为观赏鸟被引入到世界各地。
192,RING-NECKED PHEASANT,环颈雉,有明亮羽毛和白色颈环的普通雉鸡
193,ROADRUNNER,走鹃,是鹃形目杜鹃科的鸟类。羽衣橄榄褐和白色相间，有条纹。羽冠短而蓬松。眼后皮肤裸露，蓝红相间。腿粗壮，浅蓝色。尾巴时常翘起来，其貌不扬但十分滑稽。走鹃虽然是鸟类，但只能做短距离滑翔。它非常擅长快速奔跑，在美国德州以及新墨西哥地带的荒原上跑走，速度非常快，每分钟可以跑500多米。走鹃的胃口很大，主要抓食昆虫、蜥蜴，甚至响尾蛇
194,ROBIN,知更鸟,又称欧亚鸲，属鹟科（Turdidae）鸟类。是一种小型鸣禽，分布于欧洲、亚洲西部和非洲北部。英国的知更鸟常会飞到园丁身边找虫子吃，至于它在欧洲大陆的近亲，比起它来便要野性得多了。英国人无论到那儿定居，心里总怀念着知更鸟，因而把一些外表大致相仿，其实种属迥异的鸟类，也称为知更鸟。于是就出现了印度“知更”、北美“知更”和澳洲“知更”。在亚洲、欧洲和北美洲都有分布。是一些文学作品的描写对象
195,ROCK DOVE,岩鸽,"为鸠鸽科鸽属的鸟类。嘴爪平直或稍弯曲，嘴基部柔软，被以蜡膜，嘴端膨大而具角质；颈和脚均较短，胫全被羽。主要栖息于山地岩石和悬岩峭壁处，最高可达海拔5000米以上的地区。常成群活动。多结成小群到山谷和平原田野上觅食。性较温顺。叫声“咕咕”，和家鸽相似。鸣叫时频频点头。主要以植物种子、果实、球茎、块根等植物性食物为食。分布于中国、蒙古、西伯利亚南部、朝鲜、中亚、阿富汗、尼泊尔、印度、锡金等喜马拉雅山地区。岩鸽雄鸟头、颈和上胸为石板蓝灰色，颈和上胸缀金属铜绿色，并极富光泽，颈后缘和胸上部还具紫红色光泽，形成颈圈状。上背和两肩大部呈为灰色，翅上覆羽浅石板灰色，内侧飞羽和大覆羽具二道不完全的黑色横带，初级飞羽黑褐色，内侧中部浅灰色，外侧和羽端褐色，次级飞羽末端也为褐色，下背白色，腰和尾上覆羽暗灰色。尾石板灰黑色，先端黑色，近尾端处横贯一道宽阔的白色横带。颏、喉暗石板灰色，自胸以下为灰色，至腹变为白色，腋羽也为白色，雌鸟与雄鸟相似，但羽色略暗，特别是尾上覆羽，胸也少紫色光泽，不如雄鸟鲜艳，虹膜橙黄色，嘴黑色，跗跖及趾暗红朱红色，爪黑褐色，大小量度：体重雄性180-305克，雌性201-290克，体长雄性290-350毫米，雌性232-333毫米，嘴峰雄性14一18毫米，雌性15一18毫米；翅雄性211一230毫米，雌性210-230毫米，尾雄性110一140毫米，雌性108-141毫米，跗跖雄性25-28毫米，雌性25-28毫米"
196,ROSY FACED LOVEBIRD,红脸相思鸟,小型鸟类，体长13-16cm。嘴赤红色，上体暗灰绿色、眼先、眼周淡黄色，耳羽浅灰色或橄榄灰色。两翅具黄色和红色翅斑，尾叉状、黑色，颏、喉黄色，胸橙黄色，栖息于海拔1200-2800m的山地常绿阔叶林、常绿落叶混交林、竹林和林缘疏林灌丛地带。除繁殖期间成对或单独活动外，其他季节多成3-5只或10余只的小群，有时亦与其他小鸟混群活动。主要以毛虫、甲虫、蚂蚁等昆虫为食，也吃植物果实、种子等植物性食物，偶尔也吃少量玉米等农作物
197,ROUGH LEG BUZZARD,毛脚鵟,为鹰科??属的鸟类，又名毛足鵟，它是一种生活在北方纬度比较高的地方的鸟类，几乎在所有环北冰洋陆地上均有出现，只有在格陵兰、冰岛和斯瓦尔巴群岛没有。通常毛脚鵟分四个亚种，但是这些亚种之间的差异非常小。一般来说在欧亚大陆上的鸟越向东其羽毛的颜色越浅，体型越大。生活在全北区的亚种B. l. sanctijohannis的体型最小，羽毛颜色最深。
198,RUBY THROATED HUMMINGBIRD,红喉蜂鸟,分布于中美洲(地处北美与南美之间，包括危地马拉、伯里兹、洪都拉斯、萨尔瓦多、尼加拉瓜、哥斯达黎加、巴拿马、巴哈马、古巴、海地、牙买加、多米尼加、安提瓜和巴布达、圣文森特和格林纳丁斯、圣卢西亚、巴巴多斯、格林纳达、特立尼达与多巴哥等国家和地区)，今鸟亚纲，雨燕目，蜂鸟科
199,RUFOUS KINGFISHER,红头小翠鸟,分布于非洲热带雨林地区的红头小翠鸟是所有翠鸟中体型最小的，身长10 cm ，雄鸟体重9-11， 雌鸟体重9.5-12 g。该鸟的眼先和眼睛是黑色的。额黑色，头是红色，后颈和背部紫丁香色，后脖子两侧各有一块白斑。翕，背部，尾部蓝紫色，尾巴和翅膀的颜色加深。下颏和喉咙白色，下体胸腹部和翼下黄红色。嘴是红色，深褐色虹膜。腿红色
200,RUFUOS MOTMOT,棕顶翠鴗,尾长，中央尾羽特长，在近末端处有一段仅余羽干，致使端部形成独立的小羽片，形成球拍状，为其显著特征。翅短圆；体羽多为辉亮的绿、蓝及褐色；雌雄异色。以昆虫、蠕虫、蜥蜴、各种无脊椎动物及小型脊椎动物为食，有时也吃果实。栖息在开放的环境，如森林边缘及丛林。在水边崖岸凿穴或在沙滩用下弯的嘴挖洞为巢，产3～4枚白色卵，两性孵化及育雏。在等候猎物时，可长时间地平息不动，一旦发现猎物，就突然猛扑过去。在栖木上尾常左右摆动或斜着。
201,SAMATRAN THRUSH,黑白噪鹛,"是画眉科噪鹛属的一种，为印度尼西亚的特有种。全球活动范围约为67,100平方千米。该物种的保护状况被评为易危。黑白噪鹛的栖息地包括亚热带或热带的湿润低地林和亚热带或热带的湿润山地林。"
202,SAND MARTIN,崖沙燕,又名灰沙燕，为燕科燕属的鸟类，体长约11-14厘米，背羽褐色或砂灰褐色；胸具灰褐色横带，腹与尾下覆羽白毛，尾羽不具白斑。成鸟上体暗灰褐色，额、腰及尾上覆羽略淡；眼先黑褐；耳羽灰褐；至颈侧灰白；灰褐色胸带完整；覆及尾下覆羽白毛；两翅内侧飞羽和覆羽与背同色，外侧飞羽和覆羽黑褐；腋羽灰褐色；尾羽黑褐沾棕。两性同形。虹膜深褐；嘴黑褐；趾灰褐色，爪褐色。分布于全世界，澳大利亚除外。欧亚大陆的鸟冬季南迁至东南亚及菲律宾。生活于沼泽尤其是有沙滩的河流。营巢于河岸洞穴
203,SCARLET IBIS,美洲红鹮,羽色鲜红，它们总是成群的在沙滩、咸水湖、红树林和沼泽里觅食，并一起在沼泽中的大树上过夜，因此十分显眼。它们的喙细长弯曲，以泥潭中的蟹类、软体动物和沼泽地中的小鱼、蛙和昆虫等小动物为食。它们的叫声高昂而忧伤。飞行时，身影如同一团团跳跃的火焰，鲜红而热烈，除了长喙呈灰黑色外，浑身上下包括腿和脚趾都呈鲜红色 ，这就是世界上颜色最红的鸟类。是栖息在南美洲热带及特立尼达的一种朱鹭。它们是特立尼达的国鸟，与棕臀雉冠雉一同在特立尼达和多巴哥国徽上出现。 具有极高的观赏价值
204,SCARLET MACAW,红金刚鹦鹉,产于美洲热带地区，是色彩最漂亮、体型最大的鹦鹉之一，面部无羽毛，布满了条纹，有点像京剧中的花脸脸谱，兴奋时可变为红色。尾极长，属大型攀禽。食谱由许多果实和花朵组成，食量大，有力的喙可将坚果啄开，用钝舌吸出果肉。产于美洲热带地区，在河岸的洞里筑巢。比较容易接受人的训练，和其他种类的鹦鹉能够友好相处，但也会咬其他动物和陌生人。寿命最长可达80年。是色彩最漂亮、体型最大的鹦鹉之一
205,SHOEBILL,鲸头鹳,是一种与鹳科非常相近的大鸟，它是鲸头鹳科鲸头鹳属唯一的物种。名称来自于它强大的喙。鲸头鹳身长可达150厘米，成年鸟羽主要为灰色，幼鸟的羽毛主要为棕色，生活在非洲东部热带地区苏丹共和国和赞比亚的巨大沼泽地区。在泥水中捕鱼，其食物主要是肺鱼类。巢筑在地面上，每次产两枚卵。鲸头鹳的数量估计在5000至8000只之间，大多数生活在苏丹。国际鸟盟将其保护现状定为易危鸟类。危害的主要来源是栖息地遭破坏、人为干扰和捕猎
206,SHORT BILLED DOWITCHER,长脚秧鸡,一种普通短嘴秧鸡（长脚秧鸡），喙短，羽毛棕黄色，常在谷物田和草地里出没
207,SMITHS LONGSPUR,黄腹铁爪鹀, 一种鹀科、铁爪鹀属动物，属小型鸣禽，体形大小和鹀属相似。嘴形似鹀属呈圆锥形；翅长而尖，前三枚初级飞羽约相等并最长，翅式：2=3>4；尾长等于翅的三分之二；跗蹠长于中趾和爪；后爪长而细，近乎直，约等或长于后趾，黄腹铁爪鹀属小型鸣禽，体形大小和鹀属相似。嘴形似鹀属呈圆锥形；翅长而尖，前三枚初级飞羽约相等并最长，翅式：2=3>4；尾长等于翅的三分之二；跗蹠长于中趾和爪；后爪长而细，近乎直，约等或长于后趾；前三趾的诸爪甚平扁，通常在草地或沼泽地活动。是开阔地区的鹀类，冬季栖息于草地、沼泽地、平原田野、丘陵的稀疏山林中，而很少在灌丛中，更不深入到森林里，分布于加拿大，美国
208,SNOWY EGRET,雪鹭,全身洁白的羽毛，颈背有丝状蓑羽。有一双亭亭玉立黄色长腿和一个黑色的鸟喙。在繁殖季节，鼻孔和眼睛之间的区域会由黄色变成红色。幼鸟类似成鸟，喙基略苍白，腿有背部绿色。嘴长而尖直，翅大而长，脚和趾均细长，胫部部分裸露，脚三趾在前一趾在后，中趾的爪上具梳状栉缘。雌雄同色，栖息于多样性的水淹湿地、溪流、湖泊、沼泽和人造栖息地，以及沿海沼泽地、浅海湾和红树林。食物包括鱼、甲壳类动物、昆虫、青蛙、蜥蜴、蛇、啮齿类动物、蜗牛和蠕虫等。在其领地筑巢，经常和其他水鸟杂处，在树上、灌丛上或地面上用枝条筑造浅巢。通常产3-4蓝绿色卵，雌雄共同孵卵。20到25天雏鸟离巢。雏为晚成性。分布范围非常广泛，从美国加州北部、蒙大拿州南部、堪萨斯州中部和田纳西州，东部延伸到北美大西洋海岸，南部延伸到智利南部和阿根廷中部。在北美洲，它是一种迁徙物种，沿加利福尼亚州北部到亚利桑那州，沿着墨西哥湾北部沿海以及沿大西洋沿岸到南卡罗来纳州的海岸线越冬
209,SNOWY OWL,雪鸮,鸱鸮科雕鸮属的一种大型猫头鹰，头圆而小，面盘不显著，没有耳羽簇。嘴的基部长满了刚毛一样的须状羽，几乎把嘴全部遮住。虹膜金黄色，嘴铅灰色或角褐色，爪基灰色，末端黑色。它的羽色非常美丽，通体为雪白色，也有的时候布满暗色的横斑，栖息于冻土和苔原地带，也见于荒地丘陵。以鼠类、鸟类、昆虫为食。在北极和西伯利亚繁殖，越冬时可见于中国北方部分地区，十分罕见。雪鸮生活在北极地区。猫头鹰一般都在夜晚出来捕食，而雪鸮白天黑夜都可以出来活动，猫头鹰一般都在树上生活，北极地区没有这样的条件，所以雪鸮只能在岩石上建造自己的巢。雪鸮一年产12枚卵，雌雪鸮在巢中孵蛋时，雄雪鸮担负觅食和护家的任务。主要捕食旅鼠，偶捕食野兔、鸥和鸭等大型猎物
210,SORA,黑脸田鸡,秧鸡科、田鸡属的中·小型涉禽。上体橄榄褐色，翅覆羽有白色横斑纹，飞行时可见翅前缘白色。下体、颏、喉白色，胸锈棕色， 成鸟两性相似。额锈棕色，头顶、颈、背、腰至尾上覆羽均为橄榄褐色；尾羽暗褐色，羽缘橄榄褐色。飞羽暗褐色，颏、喉几近白色，头侧、颈侧至胸为锈棕色
211,SPANGLED COTINGA,闪亮伞鸟,亮晶晶的伞鸟是伞鸟科（cotingidae）的一种鸟类。它被发现在南美亚马逊雨林的树冠上。伞鸟因其鲜艳美丽的颜色而被当地人和殖民地人民追捕，以获取羽毛和食物。某些物种的羽毛用于制作钓鱼蝇和诱饵。这些鸟类的美丽吸引了来自世界各地的观鸟者，因此可能会增加当地的旅游经济。
212,SPLENDID WREN,辉蓝细尾鹩莺,辉蓝细尾鹩莺是雀形目细尾鹩莺科的一个物种，在澳洲大陆广泛分布，主要生活在干旱、半干旱地区，从新南威尔士州中西部、昆士兰州西南部到西澳大利亚海岸沿岸均可见其身影。其两性差异较大。
213,SPOON BILED SANDPIPER,勺嘴鹬,勺嘴鹬又名琵嘴鹬、匙嘴鹬，是一种小型的涉禽，仅在极少数的冻土层地带上繁殖，并在东南亚的湿地过冬。在2007年的一次由国际鸟盟进行的统计中，勺嘴鹬的数目可能少于100对，IUCN红色名录将其保护现状由濒危提升到极危，是今年内8种被提升到极危程度的鸟类的其中一种。
214,SPOONBILL,琵鹭,琵鹭属Platalea属，是大型，长腿的涉禽。琵鹭在全球范围内分布，除南极洲外，其他各大洲都有发现。Platalea的属名源自拉丁文，意思是“宽泛”，指的是纸币的独特形状。识别出六种，尽管通常将其归为一个属，但有时将其分为三个属。
215,SRI LANKA BLUE MAGPIE,斯里兰卡蓝鹊,"斯里兰卡蓝鹊，是鸦科蓝鹊属的一种，为斯里兰卡的特有种。全球活动范围约为5,325平方千米。该物种的保护状况被评为易危。 斯里兰卡蓝鹊的平均体重约为196.0克。栖息地包括种植园、亚热带或热带的湿润低地林和亚热带或热带的湿润山地林。"
216,STEAMER DUCK,灰船鴨,火锅鸭是鸭科鸭科的一种鸭。所有这四个物种都出现在智利和阿根廷的南美南锥体，除了不会飞的火锅鸭之外，所有物种都无法飞行。即使是这种能够飞行的物种，也很少能飞向空中。属名Tachyeres，“有快桨”或“快速划船”，源于古希腊ταχυ-“快” +?ρ?σσω“我行”。
217,STORK BILLED KINGFISHER,鹳嘴翡翠,鹳嘴翡翠为翠鸟科鹳嘴翡翠属的鸟类。该物种的模式产地在非洲好望角。
218,STRAWBERRY FINCH,红梅花雀,红梅花雀是梅花雀科红梅花雀属的一种，分布于多米尼加共和国、老挝、印度尼西亚、东帝汶、斐济、波多黎各、埃及、中国大陆、菲律宾、伊朗、文莱、瓜德罗普、巴基斯坦、马来西亚、马提尼克、孟加拉国、瓦努阿图、意大利、印度、巴林、斯里兰卡、越南、尼泊尔、柬埔寨、美国、日本、缅甸、墨西哥、西班牙、泰国、留尼汪和葡萄牙。
219,STRIPPED SWALLOW,小纹燕,条纹小的燕子是大燕子。它在撒哈拉以南非洲从塞拉利昂和南苏丹南部到南非东部繁殖。随着南非鸟类越冬越往北，它可以部分迁徙。在旱季，西非鸟类会离开繁殖区的北部。
220,SUPERB STARLING,栗头丽椋鸟,精湛的八哥是八哥鸟家族的一员。它的前身为Spreo超级巴士。
221,SWINHOES PHEASANT,蓝鹇,蓝鹇，又称蓝腹鹇、台湾蓝腹鹇、华鸡或斯文豪氏鹇，俗称台湾山鸡，是一种大型雉类，雄鸟躯体几乎皆为蓝色，因而得名。
222,TAIWAN MAGPIE,台湾蓝鹊,台湾蓝鹊，又称台湾暗蓝鹊、红嘴山鹊、长尾山娘或长尾阵仔，为台湾特有种鸟类。台湾从清领时期开始就有文献纪载台湾蓝鹊的数据。1862年，鸟类学家约翰·古尔德根据英国博物学家郇和寄来的台湾鸟类标本发表了一篇文章，命名并详述16种新发现的台湾物种，其中就包含台湾蓝鹊。
223,TAKAHE,南秧鸡,巨水鸡，又名南秧鸡，泰卡鸡，是紫水鸡属的一种鸟类，分布于包括澳大利亚、纽西兰，塔斯马尼亚及其附近的岛屿。曾于1898年被认为经已灭绝，后于1948年再次被发现。
224,TASMANIAN HEN,塔斯马尼亚本地鸡,塔斯马尼亚本地鸡是一种不会飞轨和12种鸟类特有的澳大利亚塔斯马尼亚岛的一个。虽然很多飞的鸟在人类的手中有灭亡的历史，塔斯马尼亚本土母鸡实际上已经从塔斯马尼亚引进欧洲风格的农业实践中受益。
225,TEAL DUCK,绿翅鸭,绿翅鸭，又名小水鸭、小凫、小麻鸭、小蚬鸭、小食鸭。
226,TIT MOUSE,美洲凤头山雀,美洲凤头山雀是来自北美的一种小型鸣禽，是山雀和山雀家族中的一种。从得克萨斯州中部和南部向南发现的黑冠山雀被列入亚种，但现在被认为是一个单独的物种。
227,TOUCHAN,巨嘴鸟,巨嘴鸟一般指鵎鵼。鵎鵼（学名：Toucans）：又名巨嘴鸟。体长约67厘米，嘴巨大，长17～24厘米，宽5～9厘米，形似嘴刀。嘴非常漂亮，上半部黄色，略呈淡绿色，下半部呈蔚蓝色，喙尖点缀着一点殷红。眼睛四周镶嵌着天蓝色羽毛眼圈，胸脯橙黄色，脊部为漆黑色。色彩艳丽和惊人的大喙使其观赏价值极高。
228,TOWNSENDS WARBLER,汤森莺,汤森莺是新世界莺家庭的一只小的鸣鸟。
229,TREE SWALLOW,双色树燕,燕子树是Hirundinidae科的候鸟。在美洲发现的燕子树在1807年首次由法国鸟类学家路易斯·让·皮洛特（Louis Vieillot）描述为Hirundo bicolor。从那以后，它已被转移到目前的属Tachycineta，在该属中对其系统发育位置进行了辩论。
230,TRUMPTER SWAN,黑嘴天鹅,黑嘴天鹅，学名Cygnus buccinator，也叫哑音天鹅，属于鸭科天鹅属，是北美本土最大的鸟类。亦是现存的水禽鸟类。羽翼展开可超过3米长。与欧亚大陆的黄嘴天鹅 为近亲，部分专家甚至视为同一种。在1933年，少于70对的黑嘴天鹅在野外发现，面临绝种危机；直到在阿拉斯加的铜河，发现了数千只黑嘴天鹅。
231,TURKEY VULTURE,红头美洲鹫,红头美洲鹫，又名火鸡秃鹰，是分布在美洲的一种新大陆秃鹫。它们分布在加拿大南部至南美洲南端，栖息在辽阔至半开放的地区，包括亚热带森林、丛林、草坪及沙漠。 红头美洲鹫是一种大型的鸟类，翼展1.7至1.83米，体长64至81厘米，重0.85至2.26公斤。它们呈深褐色至黑色。头部及颈部没有羽毛及呈紫红色。
232,TURQUOISE MOTMOT,绿眉翠鸟,绿眉翠鸟为一种中小型且色彩鲜艳的翠??。其命名源自于眉毛的绿松石色。为众人常见的鸟类，并已被选为萨尔瓦多及尼加拉瓜的国鸟。
233,UMBRELLA BIRD,伞鸟,伞鸟是Cephalopterus属中的鸟类。它们存在于中美洲和南美洲的热带雨林中。它们的总长为35-50厘米，是伞鸟科中最大的成员之一，而雄性亚马逊伞鸟则是南美洲最大的雀形目动物。他们几乎全是黑色的，在头顶上有一个明显的顶峰，似乎像一把雨伞。所有人的脖子上都有一个可充气的篱笆，用来放大他们响亮而隆隆的呼声。
234,VARIED THRUSH,變地鶇,各种各样的鹅口疮是鹅口疮家庭的成员，Turdidae。它是在单种属Ixoreus唯一的物种。
235,VENEZUELIAN TROUPIAL,拟黄鹂,拟黄鹂是一种黄鹂。它们分布在安地斯山脉东边的南美洲，由哥伦比亚及圭亚那至阿根廷。它们是委内瑞拉的国鸟。?
236,VERMILION FLYCATHER,朱红色捕蝇鸟,朱红色捕蝇鸟是一种小型雀形目鸟类，在整个南美和北美南部发现的暴君捕蝇器家族中。这是一般单调的Tyrannidae中一个引人注目的例外，由于其朱砂红色着色。雄性有鲜红色的冠，胸和下部，有褐色的翅膀和尾巴。雌性动物缺乏鲜红色，很难辨认-它们可能会与Say的菲比混淆。
237,VIOLET GREEN SWALLOW,紫绿树燕,紫绿色的燕子是燕子家族中的一种北美雀形目小鸟。这些食虫动物分布在从阿拉斯加到墨西哥的西海岸，一直延伸到蒙大拿州和德克萨斯州。这些人的外表与燕子树非常相似，可以通过白色的臀部侧贴来识别，这些侧贴似乎将他们的绿色背部和紫色尾巴分开。紫绿色的燕子是次要的腔内筑巢者，在包括落叶林和针叶林在内的许多栖息地中发现。
238,VULTURINE GUINEAFOWL,鹫珠鸡,鹫珠鸡是珠鸡中体形最大的一种，是单属种，因头颈部像兀鹫而得名。分布于非洲东南部，包括索马里、肯尼亚、埃塞俄比亚、坦桑尼亚。以各种植物的种子和小型动物为食。栖息于森林和草原地区，繁茂的灌木丛和林缘地面。
239,WATTLED CURASSOW,肉垂凤冠雉,肉垂凤冠雉是分布在南美洲亚马逊盆地偏远潮湿森林的凤冠雉科。
240,WHIMBREL,中杓鹬,中杓鹬为鹬科杓鹬属的鸟类。该物种的模式产地在瑞典。
241,WHITE CHEEKED TURACO,白颊蕉鹃,白颊的蕉鹃是家蝇科中的一种鸟类。在厄立特里亚，埃塞俄比亚和南苏丹都有发现。
242,WHITE NECKED RAVEN,非洲渡鸦,"非洲渡鸦，是鸦科鸦属的一种，分布于乌干达、纳米比亚、马拉维、赞比亚、南非、斯威士兰、肯尼亚、坦桑尼亚、津巴布韦、卢旺达、布隆迪、刚果民主共和国、博茨瓦纳、莱索托和莫桑比克。全球活动范围约为1,620,000平方千米。该物种的保护状况被评为无危。 非洲渡鸦的平均体重约为963.2克。"
243,WHITE TAILED TROPIC,白尾鹲,白尾鹲为鹲科热带鸟属的鸟类，俗名白尾热带鸟、长尾热带鸟。分布于遍布于印度洋、太平洋及大西洋的热带和亚热带地区、台湾岛等地，一般生活于海洋性岛屿峭壁上。该物种的模式产地在印度洋毛里求斯。
244,WILD TURKEY,野生火鸡,野生火鸡，又名普通火鸡，是原产于北美洲的火鸡，也是最重的火鸡。家火鸡与它们属于同一物种，是将墨西哥的亚种驯化而来的。
245,WILSONS BIRD OF PARADISE,威尔逊的天堂鸟,威尔逊的天堂鸟是一种雀形目鸟类，属于Paradisaeidae科。大卫·阿滕伯勒（David Attenborough）在1996年录制了威尔逊（Wilson）有史以来拍摄的第一部天堂鸟的镜头，该镜头录制的是英国广播公司（BBC）纪录片《天堂鸟》（Attenborough in Paradise）。
246,WOOD DUCK,林鸳鸯,林鸳鸯，又名树鸳鸯、美洲鸳鸯、美洲木鸭，是鸳鸯属的一种鸟类，栖息在北美地区，体长47至54 cm，翼展66至73 cm，以羽毛色彩艳丽而闻名。
247,YELLOW BELLIED FLOWERPECKER,黄腹啄花鸟,黄腹啄花鸟，是啄花鸟科啄花鸟属的一种，是海拔迁徙的候鸟，分布于不丹、孟加拉国、老挝、中国大陆、越南、印度、泰国、缅甸和尼泊尔。该物种的保护状况被评为无危。 黄腹啄花鸟的栖息地包括亚热带或热带的湿润低地林、亚热带或热带的旱林和亚热带或热带的湿润山地林。该物种的模式产地在尼泊尔。
248,YELLOW CACIQUE,黄腰酋长鹂,黄腰酋长是在新的世界家庭Icteridae一个雀形目鸟类。它在南美北部的大部分地区繁殖，从巴拿马和特立尼达岛南部到秘鲁，玻利维亚和巴西中部。但是，在墨西哥的纳亚里特（Nayarit）州以北的地方都可以看到它们。
249,YELLOW HEADED BLACKBIRD,黄头黑鸟,黄头黑鸟是一种中型黑鸟，是黄脑头目属的唯一成员。